id,Timestamp,Daily Time Spent on Site,Age,Area Income,Daily Internet Usage,Ad Topic Line,gender,Country,Clicked
1200,01-01-16 3:35,68.01,25,14775.5,188.32,Adaptive 24hour Graphic Interface,1,Afghanistan,0
1201,27-02-16 15:04,45.99,33,57009.76,124.61,Adaptive 24hour Graphic Interface,1,Afghanistan,1
1202,01-03-16 10:01,77.07,40,57877.15,261.02,Adaptive asynchronous attitude,0,Afghanistan,0
1203,10-03-16 22:28,51.87,50,60575.99,119.65,Adaptive context-sensitive application,0,Afghanistan,1
1204,12-03-16 1:39,66.83,32,61004.51,201.26,Adaptive contextually-based methodology,1,Afghanistan,1
1205,02-05-16 7:00,82.03,41,,187.53,Adaptive demand-driven knowledgebase,0,Afghanistan,0
1206,30-05-16 8:02,61.88,45,,108.18,Adaptive uniform capability,0,Afghanistan,1
1207,30-01-16 19:20,69.96,51,47510.42,148.61,Advanced 24/7 productivity,1,Albania,0
1208,10-03-16 7:07,80.38,30,60465.72,238.06,Advanced 5thgeneration capability,0,Albania,0
1209,15-03-16 14:06,43.63,41,61608.23,123.25,Advanced didactic conglomeration,1,Albania,1
1210,07-04-16 18:52,56.46,26,67301.39,151.63,Advanced disintermediate data-warehouse,0,Albania,1
1211,20-05-16 12:17,79.72,28,,193.8,Advanced exuding conglomeration,1,Albania,0
1212,23-05-16 21:00,74.32,29,,156.11,Advanced exuding conglomeration,1,Albania,1
1213,05-01-16 12:59,54.35,28,29875.8,123.8,Advanced heuristic firmware,1,Algeria,0
1214,10-01-16 20:18,79.18,31,35764.49,236.96,Advanced local task-force,0,Algeria,0
1215,26-02-16 9:18,70.58,26,56457.01,136.94,Advanced systemic productivity,0,Algeria,1
1216,07-03-16 22:32,78.15,33,59448.44,194.37,Advanced systemic productivity,0,Algeria,0
1217,01-02-16 0:52,82.79,34,48206.04,132.08,Ameliorated actuating workforce,0,American Samoa,1
1218,26-03-16 19:54,87.23,29,64264.25,202.12,Ameliorated bandwidth-monitored contingency,0,American Samoa,0
1219,08-04-16 14:35,35.49,48,67432.49,159.77,Ameliorated client-driven forecast,0,American Samoa,1
1220,09-05-16 21:54,82.3,34,,231.28,Ameliorated client-driven forecast,0,American Samoa,0
1221,21-05-16 1:36,47.51,51,,130.41,Ameliorated coherent open architecture,1,American Samoa,1
1222,31-05-16 23:32,66.03,22,,217.37,Ameliorated coherent open architecture,0,American Samoa,0
1223,23-01-16 1:42,69.01,36,42898.21,119.47,Ameliorated contextually-based collaboration,1,Andorra,0
1224,14-03-16 4:34,53.33,34,61228.96,111.63,Ameliorated discrete extranet,1,Andorra,1
1225,18-04-16 21:07,46.28,26,70410.11,228.78,Ameliorated exuding solution,1,Andorra,1
1226,28-05-16 12:20,63.6,38,,242.37,Ameliorated exuding solution,0,Andorra,1
1227,23-01-16 18:59,62.14,41,43386.07,110.93,Ameliorated intermediate Graphical User Interface,1,Angola,1
1228,29-02-16 12:31,72.01,31,57739.03,251,Ameliorated leadingedge help-desk,0,Angola,0
1229,04-04-16 11:39,72.92,39,66348.95,150.77,Ameliorated local workforce,1,Angola,1
1230,10-04-16 6:32,84.25,32,67781.31,170.9,Ameliorated tangible hierarchy,1,Angola,0
1231,28-01-16 11:50,36.87,36,45959.86,195.91,Ameliorated upward-trending definition,0,Anguilla,1
1232,11-03-16 0:05,65.07,34,60641.09,227.53,Ameliorated upward-trending definition,1,Anguilla,0
1233,11-03-16 13:07,35.11,35,60845.55,158.03,Assimilated actuating policy,1,Anguilla,1
1234,17-03-16 23:39,56.34,50,62318.38,139.02,Assimilated discrete strategy,1,Anguilla,1
1235,05-05-16 11:09,82.8,50,,139.42,Assimilated encompassing portal,0,Anguilla,0
1236,26-05-16 15:40,77.6,24,,197.33,Assimilated hybrid initiative,1,Anguilla,0
1237,28-02-16 6:41,43.67,31,57260.41,166.29,Assimilated hybrid initiative,1,Antarctica (the territory South of 60 deg S),1
1238,13-05-16 6:09,38.37,36,,140.46,Assimilated multi-state paradigm,0,Antarctica (the territory South of 60 deg S),1
1239,03-02-16 5:47,37.05,39,48913.07,142.81,Assimilated next generation firmware,1,Antigua and Barbuda,1
1240,09-03-16 2:07,46.66,45,60015.57,118.16,Assimilated next generation firmware,0,Antigua and Barbuda,1
1241,10-04-16 3:30,37.45,47,67714.82,167.86,Automated directional function,0,Antigua and Barbuda,1
1242,31-05-16 11:44,79.81,24,,178.85,Automated directional function,1,Antigua and Barbuda,1
1243,12-01-16 10:07,77.05,36,37345.24,129.33,Automated full-range Internet solution,1,Argentina,0
1244,13-02-16 15:37,69.35,29,52140.04,252.77,Automated mobile model,1,Argentina,0
1245,30-03-16 5:29,78.58,28,65496.78,124.54,Automated multi-state toolset,1,Argentina,0
1246,24-01-16 13:41,67.39,44,43708.88,107.19,Automated object-oriented firmware,0,Armenia,1
1247,03-02-16 15:15,89.66,34,49101.67,171.23,Automated object-oriented firmware,1,Armenia,0
1248,30-03-16 23:40,56.39,26,65791.17,226.11,Automated stable help-desk,1,Armenia,0
1249,28-04-16 2:55,67.71,25,75560.65,225.76,Balanced actuating moderator,1,Armenia,0
1250,01-03-16 22:13,86.41,28,58019.64,207.48,Balanced asynchronous hierarchy,1,Aruba,0
1251,07-01-16 13:58,51.56,46,31343.39,124.85,Balanced contextually-based pricing structure,0,Australia,1
1252,14-02-16 6:51,66.89,25,52252.91,124.85,Balanced discrete approach,0,Australia,0
1253,14-02-16 10:06,56.39,58,52530.1,154.23,Balanced disintermediate conglomeration,0,Australia,1
1254,07-03-16 1:40,66,48,59340.99,131.76,Balanced disintermediate conglomeration,1,Australia,1
1255,08-03-16 18:00,78.36,28,59886.58,221.51,Balanced dynamic application,0,Australia,1
1256,14-03-16 23:13,57.7,34,61383.79,109.07,Balanced dynamic application,0,Australia,1
1257,16-04-16 12:26,89.37,34,69562.46,162.03,Balanced empowering success,1,Australia,0
1258,08-01-16 8:08,78.76,24,32847.53,219.98,Balanced executive definition,1,Austria,0
1259,23-02-16 17:37,68.72,27,55677.12,225.97,Balanced heuristic approach,0,Austria,0
1260,04-03-16 14:10,83.42,25,58849.77,183.42,Balanced mobile Local Area Network,1,Austria,0
1261,12-04-16 14:01,62.06,44,68094.85,105,Balanced motivating help-desk,0,Austria,1
1262,04-05-16 12:06,75.15,22,,212.87,Balanced responsive open system,1,Austria,0
1263,14-02-16 17:05,77.63,29,52723.34,239.22,Balanced uniform algorithm,0,Azerbaijan,0
1264,22-05-16 21:54,83.4,34,,207.87,Balanced uniform algorithm,0,Azerbaijan,0
1265,05-01-16 17:56,76.02,47,31072.44,203.3,Business-focused asynchronous budgetary management,0,Bahamas,0
1266,06-01-16 21:43,58.95,28,31215.88,172.81,Business-focused background synergy,0,Bahamas,1
1267,14-01-16 20:58,39.36,29,39193.45,161.79,Business-focused client-driven forecast,1,Bahamas,1
1268,15-02-16 7:27,71.84,35,53042.51,108.16,Business-focused client-driven forecast,0,Bahamas,1
1269,10-03-16 23:26,67.58,30,60637.62,226.69,Business-focused encompassing neural-net,0,Bahamas,0
1270,30-03-16 16:15,74.54,24,65653.47,219.75,Business-focused high-level hardware,0,Bahamas,0
1271,08-04-16 22:40,79.8,28,67479.62,229.88,Business-focused holistic benchmark,1,Bahamas,0
1272,21-04-16 18:31,56.2,49,71511.08,114.85,Business-focused maximized complexity,1,Bahamas,1
1273,29-04-16 20:40,47,56,78092.95,149.53,Business-focused real-time toolset,0,Bahamas,1
1274,13-05-16 11:51,82.68,45,,154.74,Business-focused real-time toolset,0,Bahamas,1
1275,28-05-16 12:38,39.53,44,,252.07,Business-focused responsive website,0,Bahamas,1
1276,02-06-16 21:02,77.95,31,,233.65,Business-focused value-added definition,1,Bahamas,0
1277,17-02-16 7:00,89.71,48,53575.48,204.4,Centralized 24/7 installation,1,Bahrain,0
1278,09-03-16 6:22,37.65,51,60188.38,161.29,Centralized 24hour synergy,1,Bahrain,1
1279,23-03-16 21:06,56.39,27,63493.6,248.12,Centralized asynchronous portal,1,Bahrain,0
1280,30-05-16 2:34,75.65,39,,247.9,Centralized client-driven workforce,1,Bahrain,0
1281,08-01-16 2:34,80.51,28,32708.94,200.28,Centralized content-based focus group,1,Bangladesh,0
1282,27-03-16 3:59,60.7,34,64433.99,204.52,Centralized logistical secured line,0,Bangladesh,0
1283,17-04-16 21:39,39.34,43,70005.51,148.93,Centralized multi-state hierarchy,0,Bangladesh,1
1284,06-02-16 17:48,61.82,59,50086.17,151.93,Centralized multi-state hierarchy,1,Barbados,1
1285,28-02-16 9:31,68.25,35,57425.87,143.13,Centralized neutral neural-net,1,Barbados,0
1286,29-02-16 19:26,76.2,37,57844.96,178.51,Centralized systematic knowledgebase,0,Barbados,0
1287,17-03-16 5:00,79.71,26,62060.11,118.6,Centralized user-facing service-desk,1,Barbados,1
1288,24-03-16 9:31,42.95,33,63891.29,143.56,Centralized user-facing service-desk,0,Barbados,1
1289,31-05-16 0:58,72.76,25,,248.19,Centralized value-added hierarchy,1,Barbados,0
1290,17-01-16 5:07,82.72,31,41059.64,179.82,Cloned 5thgeneration orchestration,0,Belarus,0
1291,22-01-16 12:58,70.09,21,42760.22,211.17,Cloned 5thgeneration orchestration,0,Belarus,0
1292,24-02-16 6:18,80.72,33,55984.89,230.18,Cloned dedicated analyzer,0,Belarus,0
1293,24-03-16 13:37,62.33,37,63936.5,170.9,Cloned dedicated analyzer,0,Belarus,1
1294,06-04-16 14:16,57.82,46,66699.12,107.56,Cloned explicit middleware,1,Belarus,1
1295,27-04-16 4:28,83.69,31,75254.88,203.74,Cloned explicit middleware,0,Belarus,1
1296,05-05-16 7:58,70.92,41,,108.16,Cloned incremental matrices,1,Belarus,1
1297,09-02-16 19:37,68.88,37,50711.68,179.58,Cloned object-oriented benchmark,0,Belgium,0
1298,11-03-16 12:39,79.22,27,60812.77,198.79,Cloned optimal leverage,1,Belgium,0
1299,03-04-16 11:38,46.2,37,66225.72,119.3,Compatible composite project,0,Belgium,1
1300,15-04-16 15:07,65.57,46,68862,130.86,Compatible dedicated productivity,0,Belgium,1
1301,26-04-16 13:13,84.59,36,74535.94,241.8,Compatible intangible customer loyalty,1,Belgium,0
1302,12-01-16 10:07,43.49,47,37345.34,127.83,Compatible intermediate concept,0,Belize,1
1303,21-01-16 4:30,75.8,36,42162.9,224.9,Compatible scalable emulation,0,Belize,0
1304,14-02-16 6:51,44.64,36,52261.73,127.01,Compatible systemic function,0,Belize,1
1305,03-03-16 3:51,70.04,29,58363.12,129.41,Configurable 24/7 hub,1,Belize,1
1306,16-03-16 0:28,84.33,41,61757.12,240.95,Configurable asynchronous application,0,Belize,0
1307,30-03-16 19:09,41.53,25,65756.36,120.37,Configurable bottom-line application,0,Belize,0
1308,16-04-16 12:09,49.89,39,69481.85,160.03,Configurable coherent function,1,Belize,1
1309,20-05-16 8:49,69.08,26,,258.06,Configurable disintermediate throughput,0,Belize,1
1310,24-03-16 6:36,56.14,48,63764.28,208.24,Configurable dynamic adapter,0,Benin,1
1311,07-04-16 16:02,49.58,26,67279.06,231.94,Configurable dynamic adapter,0,Benin,0
1312,02-05-16 15:31,61.04,41,,149.21,Configurable dynamic secured line,0,Benin,1
1313,01-01-16 5:31,80.94,36,15879.1,239.94,Configurable fault-tolerant monitoring,0,Bermuda,0
1314,27-02-16 13:51,76.06,26,56909.3,207.18,Configurable impactful capacity,0,Bolivia,1
1315,07-03-16 22:51,91.1,40,59550.05,198.13,Configurable impactful firmware,1,Bolivia,0
1316,27-05-16 18:45,59.52,44,,251.08,Configurable impactful productivity,1,Bolivia,0
1317,03-02-16 5:47,65.56,41,48918.55,152.24,Configurable interactive contingency,1,Bosnia and Herzegovina,0
1318,08-02-16 7:33,72.55,22,50457.01,202.34,Configurable tertiary budgetary management,0,Bosnia and Herzegovina,0
1319,12-03-16 6:05,75.55,36,61039.13,123.71,Configurable tertiary capability,1,Bosnia and Herzegovina,1
1320,20-04-16 21:49,79.52,24,71222.4,214.23,Cross-group global orchestration,0,Bosnia and Herzegovina,0
1321,22-04-16 2:07,51.3,45,72203.96,134.42,Cross-group global orchestration,1,Bosnia and Herzegovina,1
1322,28-04-16 22:54,79.36,34,76435.3,245.78,Cross-group human-resource time-frame,1,Bosnia and Herzegovina,0
1323,12-05-16 4:35,87.26,35,,184.03,Cross-group neutral synergy,0,Bosnia and Herzegovina,0
1324,07-01-16 19:16,51.5,33,31998.72,202.18,Cross-group non-volatile secured line,1,Bouvet Island (Bouvetoya),0
1325,27-01-16 12:38,76.02,22,44304.13,209.82,Cross-group regional website,0,Bouvet Island (Bouvetoya),0
1326,01-02-16 9:00,46.13,31,48335.2,139.01,Cross-group systemic customer loyalty,0,Bouvet Island (Bouvetoya),1
1327,15-03-16 15:49,70.79,31,61625.87,184.1,Cross-group value-added success,0,Bouvet Island (Bouvetoya),0
1328,23-05-16 2:15,85.86,34,,208.23,Cross-platform 4thgeneration focus group,0,Bouvet Island (Bouvetoya),0
1329,11-01-16 2:07,78.35,46,36752.24,253.48,Cross-platform 4thgeneration focus group,0,Brazil,0
1330,15-01-16 22:49,50.6,48,39809.69,135.67,Cross-platform directional intranet,0,Brazil,1
1331,25-03-16 5:05,76.49,23,64008.55,181.11,Cross-platform logistical pricing structure,0,Brazil,0
1332,15-04-16 11:51,57.24,32,68717,235.97,Cross-platform multimedia algorithm,0,Brazil,1
1333,20-04-16 13:36,68.72,55,71055.22,185.85,Cross-platform neutral system engine,1,Brazil,1
1334,19-05-16 4:23,62.06,44,,214.49,Cross-platform regional task-force,1,Brazil,0
1335,03-06-16 21:43,45.01,26,,178.35,Cross-platform regional task-force,0,Brazil,1
1336,13-02-16 7:53,54.7,36,52079.18,118.39,Cross-platform zero-defect structure,1,British Indian Ocean Territory (Chagos Archipelago),1
1337,28-03-16 23:01,80.55,35,65186.58,219.91,Customer-focused 24/7 concept,0,British Virgin Islands,0
1338,04-04-16 7:07,73.18,23,66281.46,196.71,Customer-focused attitude-oriented instruction set,1,British Virgin Islands,0
1339,14-04-16 5:08,70.2,34,68357.96,119.2,Customer-focused empowering ability,0,British Virgin Islands,1
1340,17-04-16 15:46,78.76,24,69868.48,178.92,Customer-focused explicit challenge,1,British Virgin Islands,1
1341,09-02-16 5:28,38.96,34,50628.31,190.71,Customer-focused fault-tolerant implementation,1,Brunei Darussalam,1
1342,24-02-16 10:36,82.79,32,56113.37,234.81,Customer-focused full-range neural-net,1,Brunei Darussalam,0
1343,06-03-16 9:33,79.51,39,59106.12,125.11,Customer-focused impactful success,1,Brunei Darussalam,1
1344,08-03-16 10:39,76.56,30,59797.64,213.75,Customer-focused incremental system engine,0,Brunei Darussalam,0
1345,24-04-16 13:46,51.58,33,73863.25,115.91,Customer-focused incremental system engine,0,Brunei Darussalam,1
1346,27-04-16 4:28,76.06,23,75180.2,201.04,Customer-focused optimizing moderator,0,Brunei Darussalam,0
1347,19-05-16 3:52,68.11,28,,114.53,Customer-focused solution-oriented software,0,Brunei Darussalam,0
1348,04-01-16 7:28,71.03,26,27508.41,140.39,Customer-focused system-worthy superstructure,1,Bulgaria,1
1349,17-01-16 18:45,88.85,40,41356.31,213.96,Customer-focused upward-trending contingency,0,Bulgaria,0
1350,14-03-16 14:13,61.57,53,61275.18,125.94,Customer-focused zero-defect process improvement,1,Bulgaria,1
1351,31-03-16 20:55,86.06,32,65963.37,178.92,Customizable 6thgeneration knowledge user,1,Bulgaria,0
1352,13-04-16 13:04,37.58,52,68333.01,176.7,Customizable executive software,1,Bulgaria,1
1353,27-05-16 5:54,67.26,57,,168.41,Customizable holistic archive,1,Bulgaria,1
1354,01-06-16 3:44,65.1,49,,118.1,Customizable homogeneous contingency,1,Bulgaria,1
1355,31-01-16 9:57,74.27,37,48098.86,247.05,Customizable mission-critical adapter,1,Burkina Faso,0
1356,07-04-16 20:34,66.79,60,67307.43,198.3,Customizable mission-critical adapter,1,Burkina Faso,1
1357,31-05-16 23:42,76.24,40,,198.32,Customizable modular Internet solution,1,Burkina Faso,0
1358,04-01-16 22:27,83.91,29,28019.09,222.87,Customizable multi-tasking website,0,Burundi,0
1359,29-02-16 19:26,60.94,31,57846.68,221.18,Customizable systematic service-desk,1,Burundi,0
1360,09-03-16 14:45,72.08,29,60283.47,169.5,Customizable tangible hierarchy,0,Burundi,0
1361,26-04-16 20:57,78.17,27,74780.74,192.27,Customizable value-added project,1,Burundi,0
1362,30-04-16 8:07,85.61,27,78119.5,183.43,Customizable zero-defect Internet solution,0,Burundi,0
1363,08-05-16 8:10,83.07,37,,230.87,Customizable zero-defect matrix,1,Burundi,0
1364,20-05-16 8:49,41.49,52,,164.83,Decentralized 24hour approach,0,Burundi,1
1365,05-01-16 16:34,79.54,44,30726.26,217.68,Decentralized attitude-oriented interface,1,Cambodia,0
1366,20-02-16 9:54,78.67,26,54989.93,195.56,Decentralized attitude-oriented interface,0,Cambodia,0
1367,24-03-16 9:12,77.8,21,63879.72,224.58,Decentralized bottom-line help-desk,1,Cambodia,1
1368,31-03-16 10:44,87.98,38,65883.39,222.11,Decentralized client-driven data-warehouse,1,Cambodia,0
1369,06-04-16 5:55,59.61,21,66636.84,198.45,Decentralized foreground infrastructure,1,Cambodia,0
1370,26-04-16 20:57,83.97,33,74903.41,162.44,Decentralized methodical capability,1,Cambodia,1
1371,28-04-16 21:58,69.5,38,76246.96,215.29,Decentralized needs-based analyzer,0,Cambodia,1
1372,09-05-16 21:54,33.52,43,,165.56,Decentralized needs-based analyzer,0,Cambodia,1
1373,03-06-16 17:32,83.49,33,,190.75,Decentralized real-time circuit,1,Cambodia,0
1374,05-01-16 7:52,77.22,30,28271.84,224.44,De-engineered actuating hierarchy,1,Cameroon,0
1375,17-02-16 23:47,43.49,19,54520.14,225.97,De-engineered attitude-oriented projection,1,Cameroon,1
1376,18-03-16 13:22,84.59,35,62463.7,226.54,De-engineered intangible flexibility,1,Cameroon,0
1377,30-03-16 19:09,84.79,33,65704.79,214.53,De-engineered mobile infrastructure,0,Cameroon,0
1378,24-05-16 17:42,67.76,31,,242.59,De-engineered object-oriented protocol,0,Cameroon,0
1379,03-01-16 23:21,56.56,21,25598.75,219.69,De-engineered solution-oriented open architecture,0,Canada,0
1380,04-02-16 3:10,54.55,44,49822.78,109.04,Devolved exuding Local Area Network,0,Canada,1
1381,21-02-16 7:42,84.73,30,55316.97,153.76,Devolved human-resource circuit,0,Canada,1
1382,10-03-16 23:36,62.42,29,60638.38,198.5,Devolved human-resource circuit,1,Canada,0
1383,01-05-16 23:21,76.79,27,,235.94,Devolved regional moderator,0,Canada,0
1384,25-05-16 20:10,87.29,40,,171.62,Devolved regional moderator,0,Canada,1
1385,29-04-16 18:53,81.75,24,77988.71,190.08,Devolved tangible approach,1,Cape Verde,0
1386,20-01-16 2:31,74.18,28,41920.79,203.87,Digitized content-based circuit,0,Cayman Islands,0
1387,12-02-16 1:55,78.96,50,51739.63,193.15,Digitized contextually-based product,0,Cayman Islands,1
1388,04-04-16 20:01,80.3,58,66429.84,173.43,Digitized disintermediate ability,0,Cayman Islands,1
1389,30-05-16 20:08,66.03,46,,208.58,Digitized homogeneous core,1,Central African Republic,0
1390,01-06-16 12:27,39.53,33,,142.21,Digitized interactive initiative,1,Central African Republic,1
1391,26-03-16 19:37,54.47,23,64238.71,141.52,Digitized radical architecture,0,Chad,1
1392,28-03-16 19:48,79.09,28,65120.86,179.04,Digitized radical array,0,Chad,1
1393,30-03-16 23:40,37.32,50,65856.74,199.25,Digitized static capability,1,Chad,1
1394,27-05-16 6:19,86.69,34,,198.56,Digitized zero administration paradigm,0,Chad,0
1395,11-01-16 7:36,43.6,38,36884.23,170.49,Digitized zero-defect implementation,0,Chile,1
1396,18-01-16 15:18,57.64,36,41547.62,110.25,Distributed 3rdgeneration definition,1,Chile,1
1397,12-02-16 5:20,55.6,53,51812.71,110.25,Distributed bifurcated challenge,0,Chile,0
1398,15-03-16 14:33,55.77,49,61610.05,117.33,Distributed cohesive migration,1,Chile,1
1399,16-04-16 16:38,72.07,31,69710.51,226.45,Distributed fault-tolerant service-desk,0,Chile,0
1400,11-02-16 11:50,87.16,33,51463.17,197.15,Distributed intangible database,0,China,0
1401,11-02-16 13:26,84.59,36,51593.46,245.89,Distributed maximized ability,1,China,1
1402,12-03-16 7:18,71.03,55,61067.58,150.77,Distributed scalable orchestration,0,China,1
1403,12-03-16 7:18,73.89,37,61068.26,234.26,Distributed tertiary system engine,1,China,0
1404,15-03-16 19:35,44.72,24,61652.53,198.45,Distributed tertiary system engine,0,China,0
1405,27-03-16 9:11,44.57,31,64698.58,133.17,Diverse background ability,1,China,1
1406,04-05-16 5:01,45.44,43,,119.27,Diverse directional hardware,0,China,1
1407,27-05-16 5:35,41.7,39,,126.95,Diverse executive groupware,0,China,1
1408,04-02-16 2:13,72.08,32,49597.08,195.56,Diverse modular interface,0,Christmas Island,1
1409,15-02-16 12:25,81.37,38,53167.68,198.32,Diverse multi-tasking parallelism,0,Christmas Island,1
1410,06-03-16 6:51,87.27,30,58996.56,204.27,Diverse multi-tasking parallelism,1,Christmas Island,1
1411,08-03-16 5:48,80.05,25,59784.18,219.94,Diverse stable circuit,1,Christmas Island,0
1412,15-04-16 14:45,72.44,34,68783.45,230.14,Down-sized background groupware,0,Christmas Island,0
1413,28-04-16 5:50,42.39,42,75769.82,150.99,Down-sized background groupware,0,Christmas Island,1
1414,03-06-16 0:55,45.96,45,,141.22,Down-sized explicit budgetary management,0,Christmas Island,1
1415,03-03-16 3:51,41.35,27,58443.99,162.46,Down-sized modular intranet,1,Colombia,1
1416,16-02-16 18:21,90.97,37,53549.94,180.77,Down-sized uniform info-mediaries,0,Congo,0
1417,23-03-16 21:06,87.16,38,63497.62,133.81,Down-sized well-modulated archive,1,Congo,0
1418,04-04-16 18:36,69.58,43,66412.04,255.07,Enhanced dedicated support,0,Congo,1
1419,26-05-16 13:43,43.59,36,,132.31,Enhanced homogeneous moderator,1,Congo,1
1420,08-03-16 0:37,55.35,39,59610.81,153.17,Enhanced intangible portal,1,Cook Islands,1
1421,08-04-16 14:35,71.55,53,67430.96,225.24,Enhanced intermediate standardization,1,Cook Islands,0
1422,03-06-16 6:34,65.65,25,,224.92,Enhanced maximized access,1,Cook Islands,0
1423,04-02-16 2:13,80.46,27,49742.83,207.96,Enhanced maximized access,1,Costa Rica,0
1424,12-02-16 8:46,57.99,50,51824.01,124.58,Enhanced optimizing website,0,Costa Rica,1
1425,06-04-16 21:20,86.63,39,66873.9,209.64,Enhanced regional conglomeration,1,Costa Rica,0
1426,19-04-16 5:15,80.72,31,70492.6,186.37,Enhanced systemic benchmark,0,Costa Rica,0
1427,24-04-16 7:20,71.9,29,73538.09,193.29,Enhanced system-worthy application,1,Costa Rica,0
1428,31-05-16 17:50,40.88,33,,136.18,Enhanced system-worthy toolset,1,Costa Rica,1
1429,22-01-16 19:43,56.16,25,42861.42,164.25,Enhanced system-worthy toolset,1,Cote d'Ivoire,1
1430,15-02-16 7:27,66.12,49,53041.77,113.8,Enhanced tertiary utilization,0,Cote d'Ivoire,1
1431,01-04-16 16:21,64.1,22,66187.58,215.93,Enhanced tertiary utilization,0,Cote d'Ivoire,0
1432,08-04-16 22:48,41.73,47,67511.86,144.71,Enhanced zero tolerance Graphic Interface,0,Cote d'Ivoire,1
1433,26-04-16 13:13,77.07,34,74623.27,133.2,Enterprise-wide bi-directional secured line,1,Cote d'Ivoire,0
1434,02-02-16 11:49,83.97,40,48758.92,158.42,Enterprise-wide foreground emulation,1,Croatia,0
1435,24-03-16 17:48,70.05,33,63966.72,203.44,Enterprise-wide foreground emulation,0,Croatia,0
1436,07-04-16 3:56,80.6,31,67113.46,177.55,Enterprise-wide incremental Internet solution,0,Croatia,0
1437,22-04-16 8:31,76.9,28,72272.9,212.67,Enterprise-wide local matrices,0,Croatia,0
1438,16-05-16 23:21,70.13,31,,224.98,Enterprise-wide tangible model,0,Croatia,0
1439,26-05-16 13:18,73.38,53,,214.23,Ergonomic 24/7 solution,1,Croatia,0
1440,03-01-16 16:01,51.24,36,24316.61,176.73,Ergonomic client-driven application,0,Cuba,1
1441,07-01-16 19:16,41.73,28,32006.82,202.18,Ergonomic client-driven application,1,Cuba,1
1442,07-01-16 23:02,66.08,61,32549.95,184.23,Ergonomic empowering frame,1,Cuba,1
1443,07-01-16 23:02,42.44,36,32635.7,182.11,Ergonomic full-range time-frame,0,Cuba,0
1444,31-01-16 4:10,80.91,32,47575.44,231.42,Ergonomic methodical encoding,0,Cuba,0
1445,03-03-16 20:20,44.13,40,58526.04,128.48,Ergonomic multi-state structure,1,Cuba,1
1446,03-06-16 7:00,60.53,22,,123.86,Ergonomic neutral portal,0,Cuba,1
1447,03-06-16 17:32,82.12,54,,132.66,Ergonomic zero tolerance encoding,1,Cuba,1
1448,26-01-16 15:56,89,37,44275.13,222.26,Exclusive client-driven model,1,Cyprus,0
1449,03-02-16 4:21,41.89,38,48867.67,163.38,Exclusive client-driven model,0,Cyprus,1
1450,07-02-16 7:41,75.84,21,50216.01,186.98,Exclusive cohesive intranet,0,Cyprus,0
1451,22-02-16 7:04,91.15,38,55479.62,184.98,Exclusive cohesive intranet,0,Cyprus,0
1452,28-02-16 23:10,66.83,46,57594.7,196.17,Exclusive disintermediate Internet solution,1,Cyprus,0
1453,28-02-16 23:54,41.88,40,57691.95,126.11,Exclusive disintermediate Internet solution,1,Cyprus,1
1454,29-02-16 18:06,36.56,60,57806.03,128.17,Exclusive even-keeled moratorium,0,Cyprus,0
1455,01-05-16 8:27,41.84,49,,139.32,Exclusive multi-state Internet solution,0,Cyprus,1
1456,06-05-16 21:07,41.16,33,,209.25,Exclusive systematic algorithm,1,Cyprus,0
1457,31-05-16 21:41,72.97,45,,142.81,Exclusive zero tolerance alliance,0,Cyprus,0
1458,03-01-16 3:22,86.06,42,22473.08,108.18,Exclusive zero tolerance frame,0,Czech Republic,0
1459,15-01-16 19:40,79.51,32,39699.13,112.52,Expanded clear-thinking core,1,Czech Republic,0
1460,26-01-16 3:56,37.47,44,44248.52,141.89,Expanded full-range synergy,1,Czech Republic,1
1461,27-01-16 16:06,72.82,34,44559.43,191.82,Expanded intangible solution,1,Czech Republic,0
1462,09-02-16 22:04,68.18,21,50820.74,218.17,Expanded modular application,1,Czech Republic,0
1463,15-03-16 17:33,72.92,29,61628.72,217.1,Expanded radical software,1,Czech Republic,0
1464,01-04-16 7:37,69.97,33,66050.63,132.27,Expanded value-added emulation,1,Czech Republic,0
1465,22-04-16 20:32,71.9,54,72524.86,140.15,Expanded zero administration attitude,1,Czech Republic,1
1466,23-01-16 1:42,76.07,36,42907.89,235.56,Extended analyzing emulation,0,Denmark,0
1467,12-05-16 20:57,73.21,30,,252.6,Extended grid-enabled hierarchy,1,Denmark,1
1468,27-05-16 12:45,37.74,40,,190.95,Extended interactive model,0,Denmark,1
1469,28-05-16 20:41,36.49,23,,192.6,Extended leadingedge solution,0,Denmark,0
1470,06-01-16 21:43,84.31,29,31265.75,225.87,Extended local methodology,0,Djibouti,0
1471,07-02-16 17:06,58.21,37,50333.72,105.94,Extended systemic policy,0,Djibouti,1
1472,11-03-16 14:50,82.58,38,60879.48,225.23,Face-to-face analyzing encryption,1,Dominica,0
1473,15-03-16 3:12,57.64,57,61389.5,133.81,Face-to-face analyzing encryption,1,Dominica,1
1474,04-04-16 21:30,70.41,27,66504.16,223.03,Face-to-face dedicated flexibility,0,Dominica,0
1475,23-04-16 8:15,76.56,34,73049.3,221.53,Face-to-face dedicated flexibility,1,Dominica,0
1476,20-02-16 10:52,56.66,42,55002.05,139.42,Face-to-face even-keeled website,0,Dominican Republic,1
1477,04-03-16 10:13,42.32,37,58638.75,212.67,Face-to-face executive encryption,0,Dominican Republic,1
1478,31-05-16 0:58,82.49,45,,130.84,Face-to-face intermediate approach,0,Dominican Republic,1
1479,17-02-16 11:15,85.35,37,53852.85,161.42,Face-to-face methodical intranet,1,Ecuador,0
1480,01-03-16 22:06,40.01,53,57983.3,161.77,Face-to-face methodical intranet,0,Ecuador,1
1481,04-03-16 14:33,76.83,28,58909.36,192.81,Face-to-face mission-critical definition,0,Ecuador,0
1482,30-04-16 19:42,32.99,45,79484.8,177.46,Face-to-face multimedia success,0,Ecuador,1
1483,13-05-16 14:12,77.75,28,,111.63,Face-to-face multimedia success,0,Ecuador,0
1484,05-02-16 15:26,43.41,28,49957,160.73,Face-to-face reciprocal methodology,0,Egypt,1
1485,28-03-16 8:46,35.61,46,64929.61,158.22,Face-to-face responsive alliance,0,Egypt,1
1486,07-05-16 8:39,82.8,30,,223.2,Focused 3rdgeneration pricing structure,1,Egypt,0
1487,17-05-16 4:27,79.57,31,,230.93,Focused fresh-thinking Graphic Interface,0,Egypt,0
1488,03-06-16 1:14,69.57,48,,113.12,Focused high-level conglomeration,1,Egypt,1
1489,15-02-16 5:35,73.71,23,53012.94,211.38,Focused high-level frame,1,El Salvador,0
1490,16-02-16 7:37,34.04,34,53412.32,174.88,Focused high-level frame,1,El Salvador,1
1491,26-02-16 6:00,77.36,41,56394.82,115.79,Focused incremental Graphic Interface,0,El Salvador,1
1492,10-03-16 23:26,35.98,47,60583.02,165.52,Focused multimedia implementation,1,El Salvador,1
1493,29-01-16 3:54,41.28,50,46653.75,140.39,Focused multi-state workforce,0,Equatorial Guinea,1
1494,14-02-16 22:23,64.88,42,52802,129.8,Focused scalable complexity,1,Equatorial Guinea,1
1495,24-02-16 6:17,52.17,44,55942.04,115.37,Focused scalable complexity,1,Equatorial Guinea,1
1496,24-01-16 1:53,83.4,42,43698.53,138.87,Focused systemic benchmark,1,Eritrea,1
1497,10-02-16 20:43,45.82,27,51171.23,171.24,Focused upward-trending core,1,Eritrea,1
1498,16-02-16 2:29,75,29,53350.11,230.36,Focused web-enabled Graphical User Interface,1,Eritrea,0
1499,07-03-16 22:32,38.35,35,59457.52,169.88,Front-line actuating functionalities,0,Eritrea,1
1500,14-03-16 6:46,71,22,61230.03,211.87,Front-line bandwidth-monitored capacity,0,Eritrea,0
1501,18-03-16 17:35,65.77,21,62572.88,218.61,Front-line bifurcated ability,1,Eritrea,0
1502,18-04-16 0:49,36.31,47,70012.83,168.92,Front-line even-keeled website,0,Eritrea,1
1503,09-01-16 7:28,87.3,35,34903.67,216.87,Front-line fault-tolerant intranet,0,Estonia,0
1504,04-03-16 10:13,75.83,27,58776.67,200.59,Front-line fresh-thinking installation,0,Estonia,0
1505,15-03-16 3:12,35.21,32,61428.18,108.27,Front-line incremental access,1,Estonia,1
1506,31-05-16 6:21,36.44,39,,147.64,Front-line intermediate database,1,Estonia,1
1507,01-01-16 20:17,46.61,42,19991.72,136.18,Front-line methodical utilization,0,Ethiopia,1
1508,28-01-16 17:03,52.13,50,46197.59,118.27,Front-line methodical utilization,1,Ethiopia,1
1509,02-03-16 4:02,63.26,29,58037.66,120.46,Front-line multi-state hub,1,Ethiopia,1
1510,26-03-16 15:28,41.86,39,64235.51,128.62,Front-line neutral alliance,1,Ethiopia,1
1511,04-04-16 13:56,46.14,28,66359.32,137.97,Front-line non-volatile implementation,1,Ethiopia,1
1512,25-04-16 3:18,46.43,28,73884.48,137.2,Front-line systemic capability,1,Ethiopia,1
1513,30-05-16 2:34,71.23,55,,153.69,Front-line systemic capability,1,Ethiopia,1
1514,03-04-16 10:07,89.05,45,66200.96,206.98,Front-line system-worthy flexibility,0,Falkland Islands (Malvinas),0
1515,09-04-16 16:31,61.09,26,67575.12,131.68,Front-line zero-defect array,1,Falkland Islands (Malvinas),1
1516,07-05-16 15:16,65.22,30,,240.09,Fully-configurable 5thgeneration circuit,1,Falkland Islands (Malvinas),0
1517,05-01-16 4:18,49.81,35,28186.65,120.06,Fully-configurable asynchronous firmware,1,Faroe Islands,1
1518,21-01-16 23:48,87.27,36,42696.67,227.53,Fully-configurable clear-thinking throughput,1,Faroe Islands,0
1519,21-04-16 12:34,69.11,42,71392.53,231.48,Fully-configurable client-driven customer loyalty,1,Faroe Islands,0
1520,03-01-16 5:34,50.08,30,23936.86,123.91,Fully-configurable eco-centric frame,0,Fiji,1
1521,09-01-16 15:49,55.13,33,35253.98,183.42,Fully-configurable eco-centric frame,0,Fiji,1
1522,13-01-16 2:58,84.08,30,38067.08,187.36,Fully-configurable foreground solution,1,Fiji,0
1523,29-01-16 0:45,49.13,32,46422.76,120.49,Fully-configurable high-level groupware,0,Fiji,1
1524,23-03-16 5:27,83.69,36,63336.85,192.57,Fully-configurable high-level implementation,0,Fiji,0
1525,31-03-16 10:44,77.6,32,65899.68,158.03,Fully-configurable holistic throughput,1,Fiji,0
1526,25-04-16 7:30,89.15,42,73889.99,171.07,Fully-configurable holistic throughput,0,Fiji,0
1527,31-05-16 21:41,55.92,24,,145.08,Fully-configurable incremental Graphical User Interface,0,Fiji,1
1528,04-01-16 4:00,83.16,41,25686.34,194.95,Fully-configurable systemic productivity,0,Finland,0
1529,26-02-16 9:54,67.05,25,56570.06,220.92,Function-based context-sensitive secured line,0,Finland,0
1530,09-01-16 4:53,56.7,48,34191.13,123.13,Function-based executive moderator,0,France,1
1531,09-01-16 17:33,62.18,23,35349.26,221.98,Function-based fault-tolerant model,1,France,0
1532,18-01-16 2:51,40.19,37,41521.28,136.99,Function-based incremental standardization,0,France,1
1533,03-03-16 3:13,66.47,31,58348.41,256.39,Function-based optimizing protocol,1,France,0
1534,24-03-16 5:38,87.97,35,63649.04,149.25,Function-based optimizing protocol,1,France,0
1535,20-04-16 0:41,73.89,39,70547.16,110.68,Function-based stable alliance,0,France,1
1536,05-01-16 0:02,46.37,52,28028.74,144.27,Function-based transitional complexity,0,French Guiana,1
1537,09-01-16 17:33,48.86,54,35350.55,134.46,Fundamental fault-tolerant neural-net,0,French Guiana,1
1538,28-03-16 2:29,78.01,26,64927.19,200.71,Fundamental methodical support,1,French Guiana,0
1539,30-03-16 1:05,53.38,35,65421.39,120.06,Fundamental modular algorithm,1,French Guiana,1
1540,15-02-16 14:13,81.99,33,53185.34,230.9,Fundamental tangible moratorium,0,French Polynesia,0
1541,21-02-16 5:23,47.23,35,55130.96,143.79,Fundamental tangible moratorium,0,French Polynesia,0
1542,02-03-16 5:11,59.88,30,58151.87,193.63,Fundamental zero tolerance solution,1,French Polynesia,0
1543,17-03-16 5:00,74.65,28,62109.8,212.56,Future-proofed coherent budgetary management,0,French Southern Territories,0
1544,21-04-16 9:30,73.38,25,71228.44,236.19,Future-proofed coherent budgetary management,1,French Southern Territories,0
1545,05-05-16 11:09,45.05,42,,141.36,Future-proofed coherent hardware,0,French Southern Territories,1
1546,18-03-16 16:04,65.8,25,62475.99,231.49,Future-proofed holistic superstructure,1,Gabon,0
1547,16-04-16 8:36,82.3,31,69112.84,232.21,Future-proofed methodical protocol,0,Gabon,0
1548,03-05-16 8:21,80.39,31,,214.74,Future-proofed modular utilization,0,Gabon,0
1549,27-05-16 5:23,64.38,19,,180.47,Future-proofed responsive matrix,1,Gabon,0
1550,02-01-16 4:50,79.36,33,20856.54,234.72,Future-proofed stable function,1,Gambia,0
1551,25-05-16 20:10,37.87,52,,188.56,Grass-roots 4thgeneration forecast,1,Gambia,1
1552,05-03-16 12:03,63.18,45,58953.01,107.92,Grass-roots coherent extranet,0,Georgia,1
1553,10-05-16 7:22,35.65,40,,172.58,Grass-roots cohesive monitoring,1,Georgia,1
1554,24-05-16 10:16,82.69,29,,167.41,Grass-roots eco-centric instruction set,1,Georgia,0
1555,03-02-16 10:40,82.12,52,49090.51,201.15,Grass-roots empowering paradigm,1,Germany,1
1556,23-02-16 13:55,39.86,28,55499.69,161.24,Grass-roots impactful system engine,0,Ghana,1
1557,28-02-16 18:52,81.25,44,57518.73,225.29,Grass-roots mission-critical emulation,0,Ghana,0
1558,22-03-16 4:13,74.07,22,63274.88,165.43,Grass-roots multimedia policy,1,Ghana,0
1559,25-03-16 8:40,84.53,44,64045.93,158.05,Grass-roots solution-oriented conglomeration,0,Ghana,1
1560,26-01-16 2:47,87.35,35,44217.68,158.29,Grass-roots systematic hardware,1,Gibraltar,0
1561,05-02-16 19:06,83.86,31,50055.33,190.25,Grass-roots transitional flexibility,0,Gibraltar,0
1562,17-02-16 7:05,88.12,38,53767.12,230.91,Grass-roots transitional flexibility,0,Gibraltar,0
1563,29-04-16 7:49,70.79,42,76480.16,236.72,Horizontal client-driven hierarchy,0,Gibraltar,0
1564,10-01-16 20:18,54.88,38,35684.82,156.54,Horizontal client-server database,1,Greece,0
1565,17-01-16 13:27,78.51,25,41229.16,205.71,Horizontal content-based synergy,1,Greece,0
1566,10-04-16 2:02,50.08,40,67682.32,125.85,Horizontal even-keeled challenge,1,Greece,1
1567,08-05-16 12:51,86.19,31,,210.26,Horizontal global leverage,1,Greece,0
1568,12-05-16 21:32,59.12,33,,124.54,Horizontal heuristic support,0,Greece,1
1569,15-05-16 13:18,79.44,26,,206.79,Horizontal heuristic synergy,0,Greece,0
1570,20-05-16 12:17,66.79,40,,239.22,Horizontal high-level concept,1,Greece,1
1571,20-01-16 19:09,79.15,26,42136.33,203.23,Horizontal hybrid challenge,0,Greenland,0
1572,15-02-16 16:18,68.25,29,53188.69,220.08,Horizontal incremental website,0,Greenland,0
1573,27-03-16 19:50,75.81,40,64828,229.19,Horizontal incremental website,0,Greenland,0
1574,03-02-16 22:11,56.56,26,49282.87,204.47,Horizontal multi-state interface,1,Grenada,0
1575,12-03-16 2:48,44.72,46,61005.87,123.86,Horizontal multi-state interface,1,Grenada,1
1576,18-04-16 9:33,74.53,30,70225.6,221.51,Horizontal national architecture,1,Grenada,0
1577,09-05-16 2:58,38.52,24,,153.01,Horizontal transitional challenge,0,Grenada,1
1578,15-02-16 7:55,76.28,33,53049.44,254.34,Implemented asynchronous application,0,Guadeloupe,0
1579,29-02-16 18:06,54.39,20,57777.11,171.9,Implemented bottom-line implementation,1,Guadeloupe,1
1580,01-01-16 8:27,78.77,28,17709.98,211.83,Implemented disintermediate attitude,0,Guam,0
1581,09-01-16 3:45,63.45,43,33987.27,198.86,Implemented uniform synergy,1,Guam,1
1582,16-01-16 8:01,73.41,31,40135.06,201.26,Innovative cohesive pricing structure,1,Guam,0
1583,27-01-16 17:55,37.75,49,45632.51,125.45,Innovative executive encoding,0,Guam,0
1584,27-01-16 18:25,44.73,35,45716.48,127.56,Innovative homogeneous alliance,1,Guam,1
1585,01-04-16 1:57,67.69,44,66025.11,109.22,Innovative homogeneous alliance,0,Guam,1
1586,23-05-16 21:14,67.56,37,,250.03,Innovative interactive portal,1,Guam,0
1587,04-01-16 21:48,84.53,27,27964.6,168.34,Innovative maximized groupware,0,Guatemala,1
1588,23-01-16 21:15,39.19,54,43444.86,173.05,Innovative maximized groupware,0,Guatemala,1
1589,13-03-16 13:50,39.34,42,61142.33,216.24,Innovative regional groupware,0,Guatemala,1
1590,24-03-16 2:35,55.55,19,63580.22,187.95,Innovative regional structure,0,Guatemala,0
1591,06-04-16 11:24,38.46,42,66691.23,145.98,Innovative regional structure,1,Guatemala,1
1592,15-04-16 6:08,39.96,45,68447.17,146.13,Innovative user-facing extranet,1,Guernsey,1
1593,10-05-16 14:12,59.7,28,,120.25,Integrated 3rdgeneration monitoring,0,Guernsey,1
1594,03-04-16 5:10,47.53,30,66193.81,135.18,Integrated client-server definition,0,Guinea,1
1595,19-05-16 9:30,81.51,41,,250.03,Integrated encompassing support,0,Guinea,0
1596,17-01-16 9:31,33.33,45,41097.17,193.58,Integrated grid-enabled budgetary management,1,Guinea-Bissau,1
1597,30-04-16 15:27,68.41,38,78520.99,259.76,Integrated human-resource encoding,0,Guinea-Bissau,0
1598,01-05-16 9:23,71.9,37,,196.61,Integrated impactful groupware,1,Guinea-Bissau,1
1599,02-01-16 9:30,73.1,59,21644.91,254.34,Integrated interactive support,1,Guyana,1
1600,09-01-16 5:44,46.13,46,34418.09,123.64,Integrated interactive support,1,Guyana,1
1601,14-01-16 9:27,44.33,41,38817.4,120.63,Integrated leadingedge frame,0,Guyana,1
1602,19-02-16 13:26,60.75,42,54787.37,247.05,Integrated maximized service-desk,1,Guyana,0
1603,10-04-16 16:08,71.28,37,67866.95,246.72,Intuitive dynamic attitude,1,Guyana,0
1604,03-05-16 1:09,59.64,51,,153.12,Intuitive dynamic attitude,1,Guyana,1
1605,20-05-16 12:17,63.43,39,,129.01,Intuitive explicit conglomeration,1,Guyana,0
1606,04-06-16 9:13,36.62,36,,163,Intuitive explicit firmware,0,Guyana,1
1607,07-01-16 21:21,81.9,35,32536.98,192.57,Intuitive exuding service-desk,0,Haiti,1
1608,11-01-16 8:18,63.99,43,36913.51,138.46,Intuitive fresh-thinking moderator,0,Haiti,1
1609,02-01-16 12:25,44.96,50,22205.74,132.71,Intuitive global website,1,Heard Island and McDonald Islands,1
1610,28-05-16 12:38,48.09,33,,180.42,Intuitive global website,0,Heard Island and McDonald Islands,1
1611,21-03-16 18:46,37.51,30,63109.74,163,Intuitive modular system engine,1,Holy See (Vatican City State),1
1612,22-05-16 0:01,69.97,28,,250,Intuitive modular system engine,0,Holy See (Vatican City State),0
1613,04-01-16 7:28,66.89,23,27241.11,208.24,Intuitive radical forecast,1,Honduras,0
1614,13-01-16 2:39,59.22,55,37838.72,126.39,Intuitive radical forecast,1,Honduras,1
1615,20-01-16 19:09,35.61,39,42078.89,216.03,Intuitive transitional artificial intelligence,0,Honduras,0
1616,05-02-16 16:50,68.1,40,49995.63,227.73,Intuitive zero administration adapter,1,Honduras,0
1617,11-02-16 16:45,55.74,37,51600.47,124.34,Intuitive zero-defect framework,1,Hong Kong,1
1618,16-04-16 10:36,79.83,36,69428.73,219.55,Intuitive zero-defect framework,0,Hong Kong,1
1619,19-04-16 15:14,45.72,36,70510.59,154.02,Inverse asymmetric instruction set,1,Hong Kong,1
1620,11-05-16 22:02,81.58,25,,199.39,Inverse bi-directional knowledge user,0,Hong Kong,0
1621,28-05-16 12:20,83.89,28,,180.88,Inverse discrete extranet,1,Hong Kong,0
1622,04-01-16 6:37,81.1,27,27073.27,152.49,Inverse high-level capability,0,Hungary,0
1623,30-01-16 4:38,73.3,36,47139.21,135.72,Inverse local hub,1,Hungary,1
1624,27-03-16 16:41,69.74,49,64775.1,243.37,Inverse national core,0,Hungary,0
1625,18-04-16 15:54,80.31,44,70377.23,127.07,Inverse stable synergy,0,Hungary,1
1626,12-05-16 12:11,49.19,38,,123.08,Inverse zero tolerance customer loyalty,0,Hungary,1
1627,20-05-16 0:00,62.18,33,,126.44,Inverse zero-defect capability,0,Hungary,1
1628,02-06-16 4:14,59.64,36,,219.79,Managed 24hour analyzer,0,Hungary,0
1629,21-01-16 18:51,77.14,24,42191.61,184.88,Managed 5thgeneration time-frame,1,Iceland,0
1630,24-05-16 9:50,38.65,31,,154.77,Managed attitude-oriented Internet solution,1,Iceland,1
1631,03-06-16 3:36,68.37,35,,225.58,Managed client-server access,0,Iceland,0
1632,09-01-16 4:53,84.73,38,34309.24,172.1,Managed didactic flexibility,0,India,1
1633,10-05-16 4:28,72.76,33,,240.63,Managed disintermediate matrices,1,India,0
1634,04-06-16 9:13,80.46,29,,230.78,Managed eco-centric encoding,0,India,0
1635,21-01-16 23:33,48.46,49,42415.72,132.38,Managed grid-enabled standardization,1,Indonesia,1
1636,30-01-16 9:54,43.97,36,47160.53,156.97,Managed impactful definition,1,Indonesia,1
1637,14-02-16 16:33,60.39,40,52656.13,119.86,Managed impactful definition,0,Indonesia,1
1638,28-02-16 22:02,79.53,33,57545.56,236.72,Managed national hardware,0,Indonesia,0
1639,13-03-16 13:50,74.38,40,61117.5,220.05,Managed upward-trending instruction set,1,Indonesia,0
1640,22-03-16 6:41,65.59,47,63296.87,121.81,Managed upward-trending instruction set,0,Indonesia,1
1641,23-03-16 19:58,66.88,35,63450.96,119.47,Managed well-modulated collaboration,1,Indonesia,1
1642,03-01-16 4:39,35.25,50,23821.72,194.44,Mandatory 3rdgeneration moderator,0,Iran,1
1643,10-03-16 7:07,89.91,30,60333.38,139.01,Mandatory 3rdgeneration moderator,0,Iran,1
1644,15-03-16 19:35,75.64,29,61690.93,204.82,Mandatory 4thgeneration structure,1,Iran,0
1645,28-03-16 23:01,41.84,54,65227.79,233.85,Mandatory coherent groupware,0,Iran,1
1646,14-04-16 21:37,85.62,29,68441.85,195.68,Mandatory dedicated data-warehouse,0,Iran,0
1647,23-04-16 3:46,82.7,21,72684.44,135.24,Mandatory disintermediate info-mediaries,1,Iran,0
1648,26-05-16 22:49,41.82,41,,156.36,Mandatory disintermediate info-mediaries,0,Iran,1
1649,03-02-16 7:59,56.14,38,49030.03,113.53,Mandatory disintermediate utilization,1,Ireland,1
1650,29-02-16 11:00,81.46,29,57737.51,231.54,Mandatory empowering focus group,0,Ireland,0
1651,25-05-16 10:39,51.65,31,,249.99,Monitored 24/7 moratorium,0,Ireland,0
1652,24-01-16 1:53,73.94,26,43450.11,236.15,Monitored content-based implementation,1,Isle of Man,0
1653,11-02-16 23:45,64.2,27,51662.24,227.63,Monitored context-sensitive initiative,1,Isle of Man,0
1654,03-03-16 2:59,67.8,30,58342.63,117.75,Monitored executive architecture,1,Isle of Man,1
1655,16-01-16 16:40,78.68,29,40183.75,208.05,Monitored explicit hierarchy,0,Israel,0
1656,25-01-16 7:52,73.1,28,44174.25,242.37,Monitored national standardization,0,Israel,0
1657,17-02-16 11:42,65.19,36,53922.43,150.61,Monitored real-time superstructure,0,Israel,1
1658,08-03-16 10:39,42.83,36,59785.94,223.2,Monitored systematic hierarchy,0,Israel,1
1659,24-04-16 1:48,52.56,31,73392.28,250.36,Monitored zero administration collaboration,1,Israel,1
1660,10-01-16 2:31,74.15,29,35466.8,245.89,Multi-channeled 3rdgeneration model,1,Italy,0
1661,16-02-16 12:05,75.94,27,53441.69,236.96,Multi-channeled asynchronous open system,1,Italy,0
1662,11-03-16 13:07,61.84,44,60843.32,191.17,Multi-channeled asynchronous open system,0,Italy,1
1663,16-04-16 5:24,70.61,28,68877.02,190.12,Multi-channeled mission-critical success,0,Italy,0
1664,25-04-16 11:01,48.01,46,73910.9,119.93,Multi-channeled non-volatile website,0,Italy,1
1665,03-02-16 4:21,73.88,31,48867.36,135.51,Multi-channeled scalable moratorium,1,Jamaica,0
1666,14-03-16 3:29,77.47,36,61227.59,222.91,Multi-lateral 24/7 Internet solution,1,Jamaica,0
1667,18-03-16 16:04,41.35,24,62491.01,135.48,Multi-lateral empowering throughput,1,Jamaica,0
1668,20-03-16 22:27,77.05,31,63071.34,236.64,Multi-lateral empowering throughput,0,Jamaica,0
1669,21-03-16 11:02,59.51,31,63102.19,241.8,Multi-lateral multi-state encryption,1,Jamaica,0
1670,24-03-16 13:37,46.31,57,63965.16,153.98,Multi-layered 4thgeneration knowledge user,1,Jamaica,1
1671,27-05-16 8:53,61.76,34,,114.69,Multi-layered fresh-thinking neural-net,0,Jamaica,1
1672,04-01-16 4:00,32.91,39,25767.16,195.91,Multi-layered fresh-thinking process improvement,0,Japan,1
1673,01-02-16 14:37,40.17,26,48376.14,171.31,Multi-layered non-volatile Graphical User Interface,1,Japan,1
1674,02-03-16 6:35,76.2,24,58183.04,228.81,Multi-layered tangible portal,1,Japan,0
1675,15-03-16 6:54,71.33,23,61467.33,169.4,Multi-layered user-facing paradigm,0,Japan,1
1676,24-05-16 17:07,71.4,30,,166.31,Multi-layered user-facing paradigm,0,Japan,0
1677,06-02-16 17:48,71.14,50,50147.72,130.83,Multi-layered user-facing parallelism,0,Jersey,0
1678,27-02-16 20:20,86.78,55,57032.36,111.71,Multi-tiered heuristic strategy,0,Jersey,0
1679,07-03-16 1:40,84.79,24,59397.89,170.04,Multi-tiered interactive neural-net,0,Jersey,1
1680,16-03-16 20:10,62.06,40,61771.9,116.27,Multi-tiered maximized archive,1,Jersey,1
1681,11-05-16 19:13,66.69,35,,108.27,Multi-tiered real-time implementation,0,Jersey,1
1682,13-05-16 11:51,69.9,43,,138.35,Multi-tiered stable leverage,0,Jersey,1
1683,19-05-16 6:37,52.67,44,,191.26,Networked asymmetric infrastructure,0,Jersey,1
1684,27-03-16 3:59,70.04,31,64447.77,183.85,Networked asymmetric infrastructure,1,Jordan,0
1685,30-01-16 16:10,75.32,45,47169.14,152.36,Networked client-server solution,1,Kazakhstan,1
1686,01-04-16 7:37,91.37,45,66107.84,182.65,Networked coherent interface,1,Kazakhstan,1
1687,15-04-16 6:08,43.59,47,68448.94,226.79,Networked even-keeled workforce,0,Kazakhstan,1
1688,17-04-16 19:10,83.71,45,69874.18,220.48,Networked high-level structure,1,Kazakhstan,0
1689,23-04-16 14:34,57.35,29,73347.67,119.84,Networked impactful framework,0,Kazakhstan,1
1690,08-03-16 18:00,60.23,35,59967.19,106.86,Networked local secured line,0,Kenya,1
1691,24-03-16 6:36,37,48,63727.5,158.22,Networked logistical info-mediaries,1,Kenya,1
1692,07-04-16 20:38,49.35,49,67384.31,119.86,Networked logistical info-mediaries,0,Kenya,1
1693,25-04-16 21:15,67.56,31,74180.05,125.45,Networked non-volatile synergy,0,Kenya,1
1694,22-04-16 0:28,36.37,40,72188.9,144.53,Networked regional Local Area Network,1,Kiribati,1
1695,06-03-16 23:26,55.71,37,59240.24,112.52,Networked regional Local Area Network,1,Korea,1
1696,23-03-16 9:43,87.29,36,63429.18,209.93,Networked stable array,1,Korea,0
1697,19-05-16 6:37,55.35,34,,246.29,Networked stable open architecture,0,Korea,0
1698,25-05-16 19:45,43.63,38,,135.25,Object-based executive productivity,1,Korea,1
1699,03-02-16 23:47,71.89,23,49325.48,172.81,Object-based leadingedge complexity,1,Kuwait,0
1700,28-02-16 18:52,60.72,44,57519.64,105.69,Object-based leadingedge complexity,0,Kuwait,1
1701,15-02-16 12:25,81.37,26,53058.91,156.48,Object-based motivating instruction set,1,Kyrgyz Republic,0
1702,17-04-16 5:08,84,48,69718.19,136.21,Object-based neutral policy,1,Kyrgyz Republic,1
1703,03-05-16 12:57,35.49,40,,216.01,Object-based optimal solution,0,Kyrgyz Republic,0
1704,29-05-16 7:29,57.76,29,,110.57,Object-based optimal solution,0,Kyrgyz Republic,1
1705,29-05-16 21:17,76.87,27,,235.35,Object-based reciprocal knowledgebase,1,Kyrgyz Republic,0
1706,13-02-16 4:16,69.42,25,52011,213.38,Object-based system-worthy superstructure,0,Lao People's Democratic Republic,0
1707,09-03-16 0:41,36.49,52,59998.5,196.61,Open-architected full-range projection,1,Lao People's Democratic Republic,1
1708,05-04-16 8:18,82.95,39,66572.39,201.29,Open-architected impactful productivity,0,Lao People's Democratic Republic,0
1709,19-05-16 4:23,45.48,49,,129.16,Open-architected intangible strategy,1,Lao People's Democratic Republic,1
1710,11-01-16 2:07,39.94,24,36782.38,123.51,Open-architected intangible strategy,0,Latvia,1
1711,12-01-16 3:28,67.91,23,37334.78,146.8,Open-architected needs-based customer loyalty,1,Latvia,1
1712,14-02-16 7:30,60.94,41,52400.88,154.97,Open-architected needs-based customer loyalty,0,Latvia,1
1713,23-04-16 9:42,42.83,34,73234.87,132.38,Open-architected system-worthy task-force,1,Latvia,1
1714,31-01-16 8:50,45.96,30,47997.75,190.17,Open-architected system-worthy task-force,0,Lebanon,1
1715,11-02-16 21:49,72.97,30,51636.92,208.58,Open-architected web-enabled benchmark,1,Lebanon,1
1716,18-04-16 3:41,84.88,32,70179.11,186.48,Open-architected zero administration secured line,0,Lebanon,0
1717,25-04-16 19:31,66.26,47,74024.61,179.04,Open-architected zero administration secured line,1,Lebanon,1
1718,05-05-16 9:28,40.67,35,,133.18,Open-source 5thgeneration leverage,0,Lebanon,1
1719,02-02-16 4:57,89.8,36,48554.45,198.24,Open-source 5thgeneration leverage,0,Lesotho,0
1720,05-01-16 20:58,78.29,38,31087.54,252.07,Open-source coherent policy,0,Liberia,0
1721,08-01-16 18:13,53.63,54,33258.09,126.29,Open-source even-keeled database,1,Liberia,1
1722,08-02-16 14:02,39.76,28,50491.45,196.83,Open-source global strategy,1,Liberia,1
1723,11-02-16 17:02,50.78,51,51633.34,122.04,Open-source global strategy,0,Liberia,1
1724,11-03-16 6:49,38.93,39,60803,162.08,Open-source holistic productivity,0,Liberia,1
1725,27-03-16 2:35,78.57,36,64410.8,239.32,Open-source local approach,1,Liberia,0
1726,27-03-16 8:32,45.08,38,64564.07,125.27,Open-source local approach,0,Liberia,1
1727,10-05-16 17:13,50.87,24,,190.41,Open-source optimizing parallelism,0,Liberia,1
1728,08-01-16 18:13,52.7,44,33553.9,136.4,Open-source scalable protocol,1,Libyan Arab Jamahiriya,0
1729,29-01-16 7:14,73.15,25,46868.53,211.12,Open-source stable paradigm,1,Libyan Arab Jamahiriya,0
1730,31-01-16 6:14,78.19,30,47682.28,228.81,Operative actuating installation,0,Libyan Arab Jamahiriya,0
1731,04-04-16 22:00,53.44,42,66524.8,108.17,Operative didactic Local Area Network,1,Libyan Arab Jamahiriya,1
1732,16-05-16 14:50,34.3,41,,160.74,Operative full-range forecast,1,Libyan Arab Jamahiriya,1
1733,03-06-16 3:36,78.24,29,,235.35,Operative multi-tasking Graphic Interface,1,Libyan Arab Jamahiriya,1
1734,02-02-16 8:55,59.21,35,48679.54,144.62,Operative multi-tasking Graphic Interface,1,Liechtenstein,1
1735,18-03-16 13:00,62.12,37,62430.55,105.86,Operative secondary functionalities,1,Liechtenstein,1
1736,13-04-16 7:07,35.49,47,68324.48,170.04,Operative secondary functionalities,0,Liechtenstein,1
1737,24-04-16 13:42,62.2,25,73608.99,161.16,Operative stable moderator,0,Liechtenstein,1
1738,09-05-16 2:58,75.55,36,,159.24,Operative system-worthy protocol,0,Liechtenstein,1
1739,08-01-16 22:47,39.94,41,33813.08,156.3,Optimized 5thgeneration moratorium,0,Lithuania,1
1740,24-02-16 4:11,39.3,32,55901.12,145.73,Optimized attitude-oriented initiative,0,Lithuania,1
1741,18-03-16 9:08,80.51,27,62378.05,118.45,Optimized coherent Internet solution,0,Lithuania,1
1742,04-05-16 9:00,46.98,50,,175.37,Optimized coherent Internet solution,0,Lithuania,1
1743,27-01-16 17:08,89.34,57,45580.92,223.93,Optimized intermediate help-desk,1,Luxembourg,1
1744,12-02-16 20:36,83.07,34,51869.87,231.87,Optimized multimedia website,0,Luxembourg,1
1745,10-03-16 15:07,50.63,50,60514.05,142.23,Optimized static archive,0,Luxembourg,1
1746,04-04-16 11:39,78.24,23,66345.1,199.29,Optimized upward-trending productivity,0,Luxembourg,0
1747,12-04-16 3:26,84.37,30,68016.9,201.58,Optional full-range projection,0,Luxembourg,0
1748,22-05-16 15:17,73.27,28,,216.24,Optional mission-critical functionalities,1,Luxembourg,0
1749,24-05-16 10:04,80.64,26,,221.59,Optional modular throughput,0,Luxembourg,0
1750,30-05-16 20:08,62.79,36,,231.87,Optional regional throughput,1,Luxembourg,1
1751,31-05-16 9:06,54.43,37,,154.74,Optional secondary access,1,Luxembourg,1
1752,15-05-16 18:44,46.84,45,,123.22,Optional secondary access,0,Macao,1
1753,01-06-16 16:10,34.96,42,,160.49,Optional tangible productivity,1,Macedonia,1
1754,05-01-16 6:34,76.44,26,28265.81,224.2,Organic 3rdgeneration encryption,1,Madagascar,0
1755,16-01-16 23:37,66.63,60,40478.83,176.98,Organic 3rdgeneration encryption,0,Madagascar,1
1756,31-01-16 5:12,87.18,31,47638.3,193.6,Organic asynchronous hierarchy,0,Madagascar,0
1757,26-02-16 17:01,84.95,34,56605.12,230.36,Organic bottom-line service-desk,0,Madagascar,0
1758,29-02-16 23:56,63.88,38,57868.44,136.85,Organic interactive support,0,Madagascar,1
1759,29-04-16 7:49,64.51,42,76560.59,190.71,Organic leadingedge secured line,1,Madagascar,0
1760,01-05-16 9:23,72.46,40,,113.53,Organic logistical adapter,0,Malawi,1
1761,08-05-16 22:47,71.84,47,,199.79,Organic motivating model,1,Malawi,0
1762,16-05-16 18:51,50.48,50,,162.43,Organic next generation matrix,0,Malawi,1
1763,26-05-16 15:40,62.26,37,,166.19,Organic well-modulated database,0,Malawi,0
1764,14-03-16 14:13,56.78,36,61270.14,209.93,Organized demand-driven knowledgebase,0,Malaysia,1
1765,01-04-16 9:21,79.4,35,66176.97,236.87,Organized demand-driven knowledgebase,0,Malaysia,0
1766,18-05-16 0:07,81.05,34,,245.5,Organized empowering policy,0,Malaysia,0
1767,17-02-16 20:22,64.79,30,54324.73,116.07,Organized global flexibility,0,Maldives,1
1768,03-01-16 7:13,65.07,24,23942.61,233.85,Organized global model,0,Mali,0
1769,21-02-16 5:23,80.47,42,55041.6,215.18,Organized static focus group,1,Mali,0
1770,30-05-16 21:22,81.45,31,,205.84,Organized upward-trending contingency,1,Mali,0
1771,25-04-16 3:18,84.04,28,73882.91,231.07,Persevering 5thgeneration knowledge user,0,Malta,0
1772,28-04-16 1:24,69.95,28,75524.78,247.01,Persevering 5thgeneration knowledge user,0,Malta,0
1773,23-05-16 8:06,41.46,42,,128.98,Persevering eco-centric flexibility,1,Malta,1
1774,01-06-16 3:17,69.77,54,,132.27,Persevering even-keeled help-desk,0,Malta,1
1775,02-06-16 22:16,48.03,40,,134.6,Persevering even-keeled help-desk,1,Malta,1
1776,22-01-16 15:03,44.15,28,42838.29,141.96,Persevering exuding system engine,1,Martinique,1
1777,25-01-16 7:39,48.09,52,43870.51,181.25,Persevering needs-based open architecture,0,Martinique,1
1778,29-01-16 20:16,73.27,32,46974.15,234.75,Persevering needs-based open architecture,1,Martinique,0
1779,02-03-16 10:07,71.74,32,58235.21,160.73,Persevering tertiary capability,0,Mauritania,0
1780,04-03-16 8:48,81.67,28,58633.63,196.76,Persistent demand-driven interface,1,Mauritania,0
1781,06-05-16 21:07,53.3,34,,111.94,Persistent demand-driven interface,0,Mauritania,1
1782,01-01-16 21:58,75.32,28,20592.99,233.6,Persistent homogeneous framework,1,Mauritius,0
1783,26-02-16 4:57,70.66,43,56379.3,120.95,Phased analyzing emulation,1,Mauritius,1
1784,05-03-16 23:02,66.04,27,58996.12,199.76,Phased clear-thinking encoding,0,Mauritius,0
1785,23-01-16 17:39,39.25,39,43313.73,152.36,Phased dynamic customer loyalty,0,Mayotte,1
1786,01-02-16 19:42,67.58,41,48467.68,255.61,Phased fault-tolerant definition,1,Mayotte,0
1787,04-04-16 3:57,43.7,28,66269.49,173.01,Phased full-range hardware,0,Mayotte,1
1788,02-05-16 18:37,32.6,45,,185.47,Phased full-range hardware,0,Mayotte,1
1789,23-05-16 0:32,41.53,42,,158.81,Phased hybrid intranet,0,Mayotte,1
1790,02-06-16 4:14,54.08,36,,111.02,Phased hybrid superstructure,1,Mayotte,1
1791,26-02-16 23:44,86.58,32,56735.83,195.93,Phased leadingedge budgetary management,1,Mexico,0
1792,28-02-16 3:34,49.21,46,57179.91,115.6,Phased transitional instruction set,0,Mexico,1
1793,03-04-16 11:38,45.99,26,66217.31,212.56,Phased zero administration success,1,Mexico,0
1794,07-04-16 10:51,66.77,47,67186.54,214.42,Phased zero administration success,0,Mexico,0
1795,02-05-16 0:01,66.17,26,,228.7,Phased zero tolerance extranet,0,Mexico,0
1796,13-01-16 20:38,35.55,39,38260.89,151.18,Polarized 5thgeneration matrix,0,Micronesia,1
1797,28-01-16 16:42,39.5,31,46024.29,148.19,Polarized analyzing concept,1,Micronesia,1
1798,16-02-16 9:11,53.68,47,53431.35,115.26,Polarized analyzing concept,1,Micronesia,1
1799,02-03-16 4:57,50.33,50,58114.3,133.2,Polarized bandwidth-monitored moratorium,1,Micronesia,1
1800,09-03-16 14:57,74.02,32,60283.98,210.54,Polarized bifurcated array,0,Micronesia,0
1801,17-03-16 22:59,63.11,34,62312.23,254.94,Polarized clear-thinking budgetary management,1,Micronesia,0
1802,31-05-16 23:32,54.37,55,,216.5,Polarized dynamic throughput,0,Micronesia,0
1803,14-01-16 9:27,77.44,34,38987.42,184.98,Polarized dynamic throughput,1,Moldova,0
1804,27-01-16 17:55,81.58,41,45593.93,248.16,Polarized intangible encoding,0,Moldova,0
1805,30-01-16 16:10,78.11,27,47258.59,209.25,Polarized logistical hub,1,Moldova,0
1806,02-03-16 10:07,84.54,33,58287.86,204.02,Polarized modular function,1,Moldova,0
1807,08-03-16 5:12,81.32,25,59761.56,165.65,Polarized multimedia system engine,0,Moldova,0
1808,31-03-16 8:53,57.51,38,65882.81,105.71,Polarized multimedia system engine,0,Moldova,1
1809,12-04-16 12:35,42.94,37,68033.54,130.4,Polarized tangible collaboration,1,Moldova,1
1810,03-05-16 1:09,76.81,37,,125.11,Polarized tangible collaboration,0,Moldova,0
1811,30-05-16 8:02,59.7,22,,189.91,Pre-emptive client-driven secured line,1,Moldova,1
1812,21-03-16 18:46,56.99,28,63115.34,123.71,Pre-emptive client-server open system,0,Monaco,0
1813,04-04-16 21:23,79.61,31,66431.87,235.97,Pre-emptive content-based focus group,0,Monaco,0
1814,27-05-16 15:25,78.74,28,,204.79,Pre-emptive content-based frame,1,Monaco,0
1815,01-01-16 20:17,55.79,36,19345.36,175.17,Pre-emptive executive knowledgebase,0,Mongolia,1
1816,14-01-16 16:30,74.84,37,39131.53,246.44,Pre-emptive neutral contingency,1,Mongolia,0
1817,15-01-16 19:40,44.46,42,39723.97,132.66,Pre-emptive neutral contingency,1,Mongolia,1
1818,01-02-16 17:24,51.63,51,48453.55,120.37,Pre-emptive next generation Internet solution,1,Mongolia,1
1819,15-02-16 20:41,81.29,28,53336.76,219.72,Pre-emptive next generation Internet solution,0,Mongolia,0
1820,23-04-16 8:15,79.6,31,73207.15,140.64,Pre-emptive next generation strategy,1,Mongolia,1
1821,28-02-16 6:41,72.45,34,57195.96,234.75,Pre-emptive systematic budgetary management,1,Montenegro,1
1822,06-03-16 11:36,69.17,40,59144.02,123.62,Pre-emptive systematic budgetary management,0,Montenegro,1
1823,07-04-16 15:18,62.26,53,67240.25,125.45,Pre-emptive transitional protocol,1,Montenegro,1
1824,05-01-16 17:56,56.64,38,30976,115.91,Pre-emptive value-added workforce,0,Montserrat,1
1825,27-03-16 8:32,59.05,52,64631.22,138.35,Pre-emptive well-modulated moderator,0,Morocco,0
1826,09-04-16 23:26,85.77,27,67633.44,191.78,Pre-emptive zero tolerance Local Area Network,1,Morocco,0
1827,17-04-16 15:46,81.61,33,69805.7,228.76,Proactive 5thgeneration frame,0,Morocco,0
1828,01-05-16 0:23,67.94,43,,128.16,Proactive actuating Graphical User Interface,0,Morocco,1
1829,03-06-16 4:51,78.41,33,,248.23,Proactive asymmetric definition,1,Mozambique,0
1830,28-01-16 20:59,88.91,33,46403.18,208.36,Proactive bandwidth-monitored policy,0,Myanmar,0
1831,10-02-16 13:46,73.94,27,51015.11,173.49,Proactive client-server productivity,0,Myanmar,0
1832,15-03-16 14:33,73.27,32,61617.98,158.22,Proactive context-sensitive project,0,Myanmar,0
1833,26-03-16 0:32,84.53,35,64188.5,236.29,Proactive context-sensitive project,0,Myanmar,0
1834,10-02-16 20:43,36.91,39,51257.26,161.16,Proactive encompassing paradigm,0,Namibia,1
1835,14-02-16 14:38,77.8,57,52581.16,152.94,Proactive interactive service-desk,0,Namibia,1
1836,17-05-16 18:06,77.05,34,,236.08,Proactive next generation knowledge user,0,Namibia,0
1837,17-01-16 15:10,75.83,24,41232.89,162.44,Proactive next generation knowledge user,0,Nauru,0
1838,04-04-16 1:39,80.23,31,66265.34,193.77,Proactive non-volatile encryption,1,Nauru,0
1839,08-01-16 19:38,79.97,26,33601.84,185.45,Proactive radical support,1,Nepal,0
1840,26-04-16 21:45,89.18,37,75044.35,224.01,Proactive secondary monitoring,1,Nepal,0
1841,05-01-16 16:26,45.11,58,30487.48,195.69,Profit-focused attitude-oriented task-force,0,Netherlands,1
1842,07-02-16 8:02,56.04,49,50278.89,128.95,Profit-focused dedicated utilization,1,Netherlands,1
1843,18-03-16 9:08,55.32,43,62336.39,127.65,Profit-focused dedicated utilization,0,Netherlands,1
1844,20-05-16 12:17,69.96,31,,214.06,Profit-focused secondary portal,1,Netherlands,0
1845,27-05-16 18:45,81.37,27,,207.87,Profit-focused secondary portal,0,Netherlands,0
1846,27-01-16 17:08,85.37,36,45400.5,194.56,Profit-focused systemic support,1,Netherlands Antilles,0
1847,12-02-16 10:39,84.31,25,51847.26,123.25,Profound bottom-line standardization,1,Netherlands Antilles,0
1848,17-02-16 23:47,71.03,32,54541.56,120.85,Profound dynamic attitude,0,Netherlands Antilles,1
1849,24-02-16 6:18,85.26,32,55993.68,224.07,Profound executive flexibility,1,Netherlands Antilles,0
1850,26-02-16 1:18,63.88,22,56366.88,137.63,Profound explicit hardware,1,Netherlands Antilles,0
1851,17-04-16 18:38,76.42,26,69869.66,223.16,Profound maximized workforce,1,Netherlands Antilles,0
1852,07-05-16 21:32,57.05,29,,193.58,Profound stable product,1,Netherlands Antilles,0
1853,23-01-16 15:02,50.52,31,43155.19,171.62,Profound stable product,0,New Caledonia,1
1854,03-02-16 19:12,56.3,49,49206.4,135.24,Profound well-modulated array,1,New Caledonia,1
1855,12-01-16 21:17,69.86,25,37605.11,241.36,Profound zero administration instruction set,0,New Zealand,0
1856,10-02-16 6:37,58.18,25,50960.08,176.28,Profound zero administration instruction set,1,New Zealand,0
1857,19-03-16 11:09,57.2,42,62729.4,110.66,Programmable didactic capacity,0,New Zealand,1
1858,05-04-16 5:54,46.61,52,66541.05,156.99,Programmable empowering middleware,0,New Zealand,1
1859,16-01-16 17:56,78.64,31,40243.82,235.28,Programmable empowering orchestration,1,Nicaragua,0
1860,07-03-16 20:02,69.2,30,59419.78,175.43,Programmable empowering orchestration,1,Nicaragua,1
1861,12-04-16 4:22,82.41,36,68030.18,222.08,Programmable high-level benchmark,0,Nicaragua,0
1862,28-04-16 18:34,43.88,28,76003.47,205.71,Programmable uniform productivity,0,Nicaragua,1
1863,15-05-16 14:41,73.46,28,,222.75,Programmable uniform website,1,Nicaragua,0
1864,11-02-16 13:26,80.47,25,51501.38,204.86,Progressive 24/7 definition,0,Niger,0
1865,28-02-16 9:31,54.96,42,57330.43,113.75,Progressive 24hour forecast,1,Niger,1
1866,06-03-16 23:26,78.11,41,59243.46,207.48,Progressive analyzing attitude,1,Niger,0
1867,05-05-16 11:07,61.84,45,,105.63,Progressive asynchronous adapter,1,Niger,1
1868,27-01-16 16:06,74.61,37,44893.71,244.23,Progressive clear-thinking open architecture,0,Niue,1
1869,27-01-16 20:47,84.29,41,45800.48,232.54,Progressive clear-thinking open architecture,0,Niue,0
1870,20-02-16 0:06,73.93,44,54952.42,218.22,Progressive intermediate throughput,0,Niue,0
1871,26-05-16 13:28,76.76,25,,230.77,Progressive non-volatile neural-net,1,Niue,0
1872,22-03-16 19:14,48.22,40,63319.99,214.33,Progressive uniform budgetary management,0,Norfolk Island,0
1873,30-03-16 14:36,70.29,31,65499.93,254.65,Progressive uniform budgetary management,1,Norfolk Island,0
1874,01-04-16 5:17,56.91,50,66027.31,146.44,Public-key asynchronous matrix,0,Norfolk Island,1
1875,22-04-16 20:10,78.53,34,72330.57,131.72,Public-key bi-directional Graphical User Interface,0,Norfolk Island,1
1876,10-05-16 17:13,41.28,27,,214.74,Public-key bi-directional Graphical User Interface,1,Norfolk Island,0
1877,17-03-16 6:25,36.98,31,62161.26,167.87,Public-key disintermediate emulation,1,Northern Mariana Islands,1
1878,06-04-16 17:26,76.44,28,66861.67,232.68,Public-key disintermediate emulation,1,Northern Mariana Islands,0
1879,15-05-16 1:03,54.88,24,,148.61,Public-key foreground groupware,0,Northern Mariana Islands,1
1880,14-02-16 7:36,34.04,28,52416.18,113.69,Public-key impactful neural-net,1,Norway,0
1881,16-03-16 7:59,40.42,45,61770.34,133.9,Public-key intangible Graphical User Interface,1,Norway,1
1882,19-05-16 14:30,59.99,23,,226.74,Public-key non-volatile implementation,1,Norway,0
1883,19-01-16 12:18,73.19,25,41629.86,203.74,Public-key non-volatile implementation,1,Pakistan,0
1884,23-01-16 4:47,78.37,24,42995.8,207.27,Public-key solution-oriented focus group,0,Pakistan,0
1885,27-02-16 13:51,69.5,26,56974.51,203.84,Public-key solution-oriented focus group,0,Pakistan,0
1886,03-04-16 21:13,67.28,43,66262.59,155.8,Public-key zero-defect analyzer,1,Pakistan,1
1887,18-04-16 7:00,76.65,31,70185.06,238.43,Quality-focused 5thgeneration orchestration,0,Pakistan,0
1888,27-01-16 14:41,45.17,48,44307.18,132.07,Quality-focused bi-directional throughput,1,Palau,1
1889,12-02-16 22:51,65.4,33,51920.49,247.31,Quality-focused hybrid frame,0,Palau,0
1890,15-01-16 19:45,42.51,30,39799.73,144.77,Quality-focused hybrid frame,1,Palestinian Territory,1
1891,30-01-16 19:20,55.39,37,47391.95,129.41,Quality-focused maximized extranet,0,Palestinian Territory,1
1892,19-02-16 20:49,60.83,19,54806.18,185.46,Quality-focused scalable utilization,1,Palestinian Territory,0
1893,20-01-16 0:26,66.17,33,41851.38,238.45,Quality-focused zero-defect budgetary management,0,Panama,0
1894,04-05-16 5:01,72.88,34,,252.77,Quality-focused zero-defect data-warehouse,1,Panama,1
1895,04-02-16 13:30,77.65,27,49911.25,212.79,Reactive bi-directional standardization,0,Papua New Guinea,0
1896,07-04-16 10:51,38.63,48,67132.46,222.11,Reactive bi-directional workforce,0,Papua New Guinea,1
1897,09-05-16 10:21,60.53,29,,123.28,Reactive composite project,0,Papua New Guinea,1
1898,17-05-16 4:27,42.06,27,,226.54,Reactive demand-driven capacity,1,Papua New Guinea,0
1899,12-02-16 5:20,67.56,47,51816.27,109.98,Reactive impactful challenge,0,Paraguay,1
1900,21-03-16 21:15,89.34,32,63126.96,177.78,Reactive impactful challenge,1,Paraguay,0
1901,30-01-16 16:15,74.49,28,47338.94,237.34,Reactive interactive protocol,0,Peru,0
1902,28-02-16 23:10,73.71,36,57667.99,254.05,Reactive local challenge,0,Peru,1
1903,15-04-16 10:18,63.43,29,68713.7,236.75,Reactive national success,1,Peru,0
1904,29-04-16 14:08,35.66,45,77143.61,151.72,Reactive responsive emulation,0,Peru,1
1905,24-05-16 13:30,62.95,60,,157.04,Reactive tangible contingency,0,Peru,1
1906,08-02-16 22:45,59.01,30,50506.44,178.75,Reactive upward-trending migration,1,Philippines,1
1907,12-02-16 20:36,77.2,33,51868.85,254.05,Realigned 24/7 core,1,Philippines,0
1908,04-03-16 13:47,83.48,31,58820.16,222.72,Realigned 24/7 core,1,Philippines,0
1909,30-05-16 18:08,38.1,34,,214.38,Realigned content-based leverage,1,Philippines,1
1910,28-02-16 23:21,39.96,35,57669.41,138.52,Realigned global initiative,1,Pitcairn Islands,1
1911,25-03-16 8:40,66.18,35,64021.55,243.61,Realigned intangible benchmark,0,Pitcairn Islands,0
1912,02-02-16 19:59,36.62,32,48826.14,162.44,Realigned intangible benchmark,1,Poland,1
1913,09-02-16 23:38,76.64,39,50950.24,241.5,Realigned intermediate application,1,Poland,0
1914,23-03-16 12:53,63.37,43,63430.33,105.04,Realigned intermediate application,1,Poland,1
1915,08-05-16 10:25,40.04,27,,161.58,Realigned next generation projection,0,Poland,1
1916,01-01-16 2:52,80.67,34,14548.06,239.76,Realigned reciprocal framework,0,Portugal,0
1917,25-01-16 7:39,43.77,52,43974.49,138.55,Realigned reciprocal framework,1,Portugal,1
1918,19-02-16 7:29,39.36,46,54773.99,110.84,Realigned scalable standardization,1,Portugal,1
1919,11-03-16 10:01,75.71,34,60805.93,246.06,Realigned scalable standardization,0,Portugal,0
1920,03-01-16 23:21,72.8,35,25408.21,249.54,Realigned systematic function,0,Puerto Rico,0
1921,20-02-16 20:47,55.79,24,55015.08,149.67,Realigned systematic function,0,Puerto Rico,1
1922,28-03-16 19:48,70.29,26,65180.97,231.37,Realigned tangible collaboration,1,Puerto Rico,0
1923,03-02-16 16:54,42.04,49,49158.5,182.11,Re-contextualized human-resource success,0,Qatar,1
1924,26-02-16 22:46,69.62,20,56725.47,202.25,Re-contextualized optimal service-desk,1,Qatar,0
1925,16-03-16 20:19,47.64,49,61833.9,122.02,Re-contextualized reciprocal interface,0,Qatar,1
1926,19-03-16 14:23,80.23,31,62784.85,196.23,Re-contextualized systemic time-frame,0,Qatar,0
1927,08-05-16 12:08,78.83,36,,234.64,Reduced background data-warehouse,1,Qatar,0
1928,20-05-16 21:31,82.73,33,,238.99,Reduced bi-directional strategy,1,Qatar,0
1929,24-05-16 9:50,64.88,35,,108.7,Reduced global support,1,Qatar,0
1930,05-01-16 4:18,77.89,41,28210.03,201.15,Reduced holistic help-desk,0,Reunion,0
1931,21-04-16 16:10,87.09,36,71455.62,221.98,Reduced holistic help-desk,1,Reunion,0
1932,24-03-16 9:34,49.99,41,63924.82,121.07,Reduced incremental productivity,0,Romania,1
1933,27-05-16 5:54,78.32,33,,173.05,Reduced mobile structure,0,Romania,0
1934,08-01-16 8:08,76.07,32,33147.19,142.04,Reduced multimedia project,0,Russian Federation,1
1935,26-02-16 1:18,75.92,22,56194.56,182.65,Re-engineered composite moratorium,0,Russian Federation,0
1936,27-02-16 4:43,74.58,40,56759.48,135.51,Re-engineered context-sensitive knowledge user,1,Russian Federation,1
1937,19-03-16 14:57,63.26,28,62790.96,216.87,Re-engineered demand-driven capacity,1,Russian Federation,1
1938,27-04-16 9:27,84.98,29,75265.96,202.61,Re-engineered exuding frame,0,Russian Federation,0
1939,26-05-16 13:43,81.46,45,,215.04,Re-engineered impactful software,0,Russian Federation,0
1940,08-01-16 0:17,63.89,40,32689.04,105.22,Re-engineered intangible software,0,Rwanda,1
1941,10-02-16 6:52,72.04,22,50983.75,199.43,Re-engineered neutral success,0,Rwanda,0
1942,18-02-16 22:42,71.83,40,54725.87,135.48,Re-engineered non-volatile neural-net,1,Rwanda,1
1943,04-04-16 8:19,74.62,36,66291.67,217.79,Re-engineered optimal policy,0,Rwanda,0
1944,22-04-16 7:48,79.6,39,72270.88,194.23,Re-engineered responsive definition,0,Rwanda,0
1945,05-04-16 18:02,79.22,20,66574,202.77,Re-engineered zero-defect open architecture,0,Saint Barthelemy,0
1946,09-05-16 7:13,63.3,38,,116.19,Reverse-engineered background Graphic Interface,0,Saint Barthelemy,1
1947,31-05-16 2:17,74.87,52,,126.97,Reverse-engineered content-based intranet,0,Saint Barthelemy,1
1948,04-01-16 6:37,73.88,29,26130.93,233.61,Reverse-engineered context-sensitive emulation,0,Saint Helena,0
1949,21-01-16 22:51,67.85,41,42251.59,202.7,Reverse-engineered dynamic function,1,Saint Helena,1
1950,06-02-16 23:08,83.67,44,50199.77,234.26,Reverse-engineered web-enabled support,1,Saint Helena,0
1951,08-02-16 0:23,81.38,31,50335.46,212.3,Reverse-engineered well-modulated capability,0,Saint Helena,0
1952,24-02-16 4:11,40.18,30,55787.58,217.1,Reverse-engineered well-modulated capability,1,Saint Helena,1
1953,07-05-16 17:11,50.43,46,,119.32,Right-sized asynchronous website,1,Saint Helena,1
1954,03-04-16 6:17,50.52,28,66198.66,219.69,Right-sized logistical middleware,0,Saint Kitts and Nevis,1
1955,17-02-16 11:15,81.32,47,53898.89,119.93,Right-sized logistical middleware,1,Saint Lucia,1
1956,14-05-16 14:49,47.74,33,,154.93,Right-sized mobile initiative,1,Saint Lucia,1
1957,19-05-16 11:16,72.19,33,,250.35,Right-sized multi-tasking solution,1,Saint Lucia,0
1958,04-01-16 0:44,48.86,35,25682.65,128.37,Right-sized solution-oriented benchmark,1,Saint Martin,1
1959,16-04-16 14:15,81.25,33,69646.35,222.35,Right-sized system-worthy project,1,Saint Martin,0
1960,26-05-16 22:49,52.35,23,,198.11,Robust context-sensitive neural-net,1,Saint Martin,1
1961,04-06-16 9:25,81.98,34,,212.88,Robust context-sensitive neural-net,0,Saint Martin,0
1962,13-02-16 13:57,65.72,36,52097.32,120.12,Robust dedicated system engine,0,Saint Pierre and Miquelon,1
1963,15-03-16 11:25,67.47,45,61601.05,122.02,Robust dedicated system engine,0,Saint Pierre and Miquelon,1
1964,13-04-16 5:42,50.19,52,68305.91,129.8,Robust holistic application,0,Saint Pierre and Miquelon,0
1965,26-05-16 13:18,71.76,35,,237.39,Robust logistical utilization,0,Saint Pierre and Miquelon,0
1966,14-02-16 7:30,67.85,29,52340.1,231.42,Robust object-oriented Graphic Interface,0,Saint Vincent and the Grenadines,0
1967,05-03-16 20:53,43.16,29,58966.22,143.04,Robust transitional ability,1,Saint Vincent and the Grenadines,1
1968,07-03-16 20:02,88.04,45,59422.47,191.17,Robust transitional ability,1,Saint Vincent and the Grenadines,0
1969,27-03-16 23:59,38.52,38,64902.47,137.28,Robust uniform framework,1,Saint Vincent and the Grenadines,1
1970,20-04-16 16:49,44.11,41,71157.05,121.24,Robust web-enabled attitude,1,Saint Vincent and the Grenadines,1
1971,25-04-16 16:58,77.25,27,73941.91,231.38,Seamless 4thgeneration contingency,1,Saint Vincent and the Grenadines,0
1972,14-01-16 8:27,59.96,33,38645.4,197.66,Seamless 4thgeneration contingency,0,Samoa,1
1973,28-01-16 7:10,58.6,50,45945.88,113.7,Seamless bandwidth-monitored knowledge user,0,Samoa,1
1974,09-02-16 7:21,49.84,39,50671.6,111.59,Seamless cohesive conglomeration,0,Samoa,1
1975,21-04-16 20:29,57.35,40,72042.85,184.94,Seamless composite budgetary management,1,Samoa,1
1976,22-05-16 20:49,70.03,26,,227.72,Seamless composite budgetary management,1,Samoa,0
1977,07-01-16 13:25,81.22,53,31281.01,223.09,Seamless full-range website,1,San Marino,0
1978,13-03-16 20:35,69.47,26,61161.29,236.5,Seamless holistic time-frame,0,San Marino,0
1979,20-03-16 2:44,37.01,50,62939.5,216.01,Seamless impactful info-mediaries,0,San Marino,1
1980,20-01-16 2:31,68.95,31,41884.64,149.67,Seamless impactful info-mediaries,0,Sao Tome and Principe,0
1981,23-04-16 6:28,44.49,53,72802.42,168,Seamless intangible secured line,1,Sao Tome and Principe,1
1982,29-01-16 5:39,43.83,45,46780.09,129.01,Seamless motivating approach,0,Saudi Arabia,1
1983,10-03-16 1:36,61.76,25,60315.19,258.62,Seamless object-oriented structure,0,Saudi Arabia,0
1984,24-05-16 18:35,69.78,29,,218.79,Seamless optimal contingency,0,Saudi Arabia,0
1985,11-01-16 12:46,71.27,21,37212.54,216.03,Seamless real-time array,1,Senegal,0
1986,14-01-16 14:00,55.6,23,39031.89,212.58,Secured 24hour policy,0,Senegal,1
1987,23-01-16 13:14,56.57,26,43111.41,131.98,Secured clear-thinking middleware,0,Senegal,1
1988,27-02-16 12:34,85.23,36,56791.75,212.92,Secured encompassing Graphical User Interface,1,Senegal,0
1989,17-05-16 6:14,71.86,32,,116.53,Secured encompassing Graphical User Interface,0,Senegal,1
1990,23-03-16 6:00,46.77,32,63373.7,136.4,Secured intermediate approach,1,Serbia,1
1991,25-03-16 15:17,60.53,24,64122.36,167.22,Secured secondary superstructure,0,Serbia,1
1992,14-04-16 5:08,72.19,33,68348.99,212.92,Secured uniform instruction set,1,Serbia,1
1993,01-05-16 21:46,81.95,31,,208.76,Secured upward-trending benchmark,1,Serbia,0
1994,30-05-16 20:07,46.04,32,,147.92,Self-enabling even-keeled methodology,0,Serbia,1
1995,01-06-16 9:27,63.6,23,,235.28,Self-enabling holistic process improvement,1,Serbia,0
1996,07-01-16 21:21,68.11,38,32252.38,231.21,Self-enabling holistic process improvement,0,Seychelles,0
1997,01-02-16 20:30,52.62,50,48537.18,176.52,Self-enabling incremental collaboration,0,Seychelles,1
1998,15-04-16 11:51,81.98,40,68737.75,229.22,Self-enabling local strategy,0,Seychelles,0
1999,09-01-16 3:45,57.05,41,33951.63,269.96,Self-enabling local strategy,1,Sierra Leone,1
2000,04-02-16 8:53,46.88,54,49850.52,136.64,Self-enabling multimedia system engine,0,Singapore,1
2001,03-03-16 22:31,76.84,32,58543.94,231.59,Self-enabling optimal initiative,0,Singapore,0
2002,19-03-16 14:57,86.38,40,62927.96,188.27,Self-enabling tertiary challenge,1,Singapore,0
2003,21-03-16 8:13,80.53,29,63100.13,187.64,Self-enabling zero administration neural-net,0,Singapore,0
2004,07-05-16 15:16,80.99,43,,151.47,Self-enabling zero administration neural-net,0,Singapore,0
2005,15-05-16 3:10,77.89,26,,201.54,Sharable analyzing alliance,0,Singapore,0
2006,16-01-16 17:56,75,28,40468.53,164.02,Sharable bottom-line solution,1,Slovakia (Slovak Republic),0
2007,30-01-16 0:05,88.82,36,47051.02,169.1,Sharable bottom-line solution,0,Slovakia (Slovak Republic),0
2008,26-02-16 19:35,85.54,41,56681.65,135.72,Sharable client-driven software,0,Slovakia (Slovak Republic),0
2009,03-05-16 16:02,85.01,29,,192.5,Sharable dedicated Graphic Interface,0,Slovakia (Slovak Republic),0
2010,25-04-16 21:15,45.82,33,74159.69,166.85,Sharable grid-enabled matrix,1,Slovenia,1
2011,05-01-16 12:59,65.56,25,30227.98,181.25,Sharable multimedia conglomeration,1,Somalia,0
2012,09-01-16 15:49,82.7,35,34942.26,231.07,Sharable reciprocal project,0,Somalia,0
2013,02-02-16 19:59,57.2,34,48761.14,234.81,Sharable secondary Graphical User Interface,1,Somalia,1
2014,11-02-16 2:40,58.22,29,51315.38,120.9,Sharable upward-trending support,0,South Africa,1
2015,24-03-16 2:01,34.78,48,63528.8,208.21,Sharable value-added solution,1,South Africa,1
2016,06-04-16 23:10,74.61,38,66929.03,231.28,Stand-alone background open system,1,South Africa,0
2017,10-04-16 19:48,68.61,57,67990.84,150.29,Stand-alone eco-centric system engine,0,South Africa,1
2018,23-05-16 0:32,72.07,49,,256.09,Stand-alone eco-centric system engine,1,South Africa,1
2019,23-05-16 21:14,74.32,33,,128.17,Stand-alone empowering benchmark,0,South Africa,1
2020,14-02-16 4:14,42.32,29,52182.23,187.09,Stand-alone encompassing throughput,1,South Georgia and the South Sandwich Islands,1
2021,09-03-16 3:41,63.45,23,60151.77,140.64,Stand-alone explicit orchestration,1,Spain,1
2022,25-05-16 0:34,44.16,42,,133.42,Stand-alone explicit orchestration,1,Spain,1
2023,30-03-16 20:23,79.16,32,65773.49,202.9,Stand-alone logistical service-desk,1,Sri Lanka,0
2024,05-04-16 18:02,83.17,43,66618.21,244.4,Stand-alone motivating moratorium,1,Sri Lanka,0
2025,17-04-16 6:58,74.88,27,69775.75,175.17,Stand-alone national attitude,1,Sudan,0
2026,18-05-16 19:33,79.83,29,,234.23,Stand-alone reciprocal synergy,1,Sudan,0
2027,10-01-16 23:14,66.18,55,36037.33,143.42,Stand-alone tangible moderator,0,Svalbard & Jan Mayen Islands,1
2028,11-01-16 6:02,72.45,29,36834.04,195.36,Stand-alone well-modulated product,1,Svalbard & Jan Mayen Islands,0
2029,21-02-16 20:09,35.66,36,55368.67,172.57,Streamlined analyzing initiative,0,Svalbard & Jan Mayen Islands,1
2030,17-03-16 22:24,47.23,43,62238.58,210.87,Streamlined cohesive conglomeration,1,Svalbard & Jan Mayen Islands,1
2031,10-04-16 0:13,44.98,49,67669.06,129.31,Streamlined exuding adapter,0,Svalbard & Jan Mayen Islands,1
2032,07-05-16 21:32,79.09,32,,209.72,Streamlined homogeneous analyzer,1,Svalbard & Jan Mayen Islands,0
2033,16-01-16 11:35,38.35,25,40159.2,231.54,Streamlined logistical secured line,0,Swaziland,0
2034,05-01-16 11:53,71.23,52,29398.61,122.59,Streamlined logistical secured line,0,Sweden,1
2035,29-02-16 12:31,66.17,41,57756.89,219.98,Streamlined next generation implementation,0,Sweden,0
2036,03-05-16 16:55,79.6,28,,227.37,Streamlined non-volatile analyzer,1,Sweden,0
2037,07-05-16 17:11,84.53,38,,138.46,Streamlined non-volatile analyzer,1,Sweden,0
2038,23-05-16 21:00,80.09,31,,214.08,Switchable 3rdgeneration hub,0,Sweden,0
2039,05-01-16 9:42,61.22,45,28679.93,119.03,Switchable mobile framework,1,Switzerland,1
2040,02-03-16 15:39,60.39,45,58337.18,108.25,Switchable multi-state success,1,Switzerland,1
2041,22-04-16 19:45,72.19,32,72325.91,250.32,Switchable real-time product,1,Switzerland,0
2042,03-05-16 8:21,79.81,20,,146.44,Switchable secondary ability,1,Switzerland,1
2043,26-05-16 10:33,45.7,33,,151.12,Switchable secondary ability,1,Switzerland,1
2044,10-02-16 8:21,86.76,28,51013.37,189.91,Synchronized dedicated service-desk,0,Syrian Arab Republic,0
2045,12-02-16 3:39,32.6,38,51772.58,190.05,Synchronized dedicated service-desk,0,Syrian Arab Republic,1
2046,18-02-16 3:58,83.66,38,54645.2,175.14,Synchronized human-resource moderator,0,Syrian Arab Republic,0
2047,28-01-16 16:42,79.15,20,46179.97,228.81,Synchronized leadingedge help-desk,1,Taiwan,1
2048,17-02-16 18:50,68.6,33,54286.1,135.08,Synchronized multimedia model,0,Taiwan,1
2049,19-02-16 7:29,75.55,22,54774.77,169.4,Synchronized multimedia model,0,Taiwan,1
2050,21-02-16 23:07,55.46,37,55424.24,108.1,Synchronized multi-tasking ability,0,Taiwan,1
2051,18-03-16 17:35,35.25,29,62589.84,247.31,Synchronized national infrastructure,0,Taiwan,1
2052,09-04-16 9:26,78.84,32,67516.07,235.29,Synchronized stable complexity,1,Taiwan,0
2053,21-04-16 20:29,66.67,33,72154.68,228.03,Synchronized systemic hierarchy,1,Taiwan,0
2054,19-05-16 9:30,76.2,39,,148.19,Synchronized user-facing core,0,Taiwan,1
2055,29-05-16 7:29,84.71,32,,210.23,Synchronized zero tolerance product,0,Taiwan,0
2056,10-02-16 15:23,42.44,56,51119.93,168.27,Synergistic discrete middleware,0,Tajikistan,1
2057,12-02-16 10:39,58.05,32,51864.77,195.54,Synergistic discrete middleware,1,Tajikistan,1
2058,14-02-16 3:50,80.49,40,52177.4,229.12,Synergistic dynamic orchestration,1,Tanzania,0
2059,07-04-16 1:57,83.4,39,67050.16,235.01,Synergistic fresh-thinking array,0,Tanzania,0
2060,18-03-16 2:39,73.72,32,62330.75,256.4,Synergistic fresh-thinking array,1,Thailand,0
2061,25-03-16 19:02,50.19,40,64147.86,117.3,Synergistic non-volatile analyzer,0,Thailand,1
2062,13-04-16 5:42,43.02,44,68211.35,125.22,Synergistic non-volatile analyzer,0,Thailand,1
2063,18-04-16 11:23,75.8,38,70324.8,146.19,Synergistic stable infrastructure,1,Thailand,0
2064,28-04-16 1:24,80.46,31,75535.14,207.96,Synergized clear-thinking protocol,1,Thailand,1
2065,15-01-16 1:20,72.94,36,39552.49,136.21,Synergized coherent interface,1,Timor-Leste,0
2066,17-02-16 13:16,47.23,42,54045.39,136.18,Synergized context-sensitive database,1,Timor-Leste,0
2067,19-04-16 7:34,68.94,54,70505.06,138.71,Synergized context-sensitive database,0,Timor-Leste,1
2068,28-04-16 18:34,86.06,31,75805.12,219.72,Synergized hybrid time-frame,1,Timor-Leste,0
2069,18-05-16 1:00,87.14,31,,199.4,Synergized intangible open system,1,Timor-Leste,0
2070,14-02-16 16:33,64.67,51,52686.47,138.35,Synergized multimedia emulation,1,Togo,1
2071,11-03-16 9:58,90.75,40,60803.37,216.5,Synergized uniform hierarchy,0,Togo,0
2072,28-05-16 20:41,78.54,35,,172.1,Synergized well-modulated Graphical User Interface,0,Togo,0
2073,05-01-16 9:42,84,49,28275.48,227.56,Team-oriented 6thgeneration extranet,1,Tokelau,0
2074,30-03-16 5:29,40.34,29,65461.92,173.75,Team-oriented bi-directional secured line,0,Tokelau,1
2075,31-03-16 13:54,85.54,27,65956.71,175.43,Team-oriented dynamic forecast,1,Tokelau,0
2076,24-05-16 10:04,87.16,38,,200.58,Team-oriented encompassing portal,1,Tokelau,0
2077,02-01-16 14:36,83.26,40,22456.04,187.76,Team-oriented executive core,1,Tonga,0
2078,26-02-16 9:18,80.87,42,56435.6,156.97,Team-oriented executive core,0,Tonga,0
2079,18-03-16 13:22,54.43,24,62466.1,238.06,Team-oriented grid-enabled Local Area Network,0,Tonga,0
2080,15-04-16 10:16,68.88,30,68519.96,124.58,Team-oriented high-level orchestration,0,Tonga,1
2081,20-04-16 13:36,35.79,44,70889.68,165.62,Team-oriented zero-defect initiative,1,Tonga,1
2082,22-05-16 21:54,87.26,32,,154.77,Total asynchronous architecture,0,Tonga,1
2083,08-01-16 9:32,44.33,37,33239.2,123.72,Total bi-directional success,1,Trinidad and Tobago,1
2084,15-01-16 22:49,46.98,30,39840.55,121.07,Total coherent archive,0,Trinidad and Tobago,0
2085,11-02-16 4:37,69,32,51317.33,221.21,Total coherent superstructure,1,Trinidad and Tobago,0
2086,21-02-16 20:09,50.6,28,55411.06,197.93,Total cohesive moratorium,0,Trinidad and Tobago,1
2087,10-03-16 1:36,32.84,40,60309.58,171.72,Total directional approach,0,Trinidad and Tobago,1
2088,27-03-16 16:41,51.63,40,64802.33,133.17,Total even-keeled architecture,0,Trinidad and Tobago,0
2089,16-01-16 11:35,75.74,25,40182.84,215.25,Total human-resource flexibility,1,Tunisia,0
2090,21-03-16 11:02,42.84,52,63107.88,182.2,Total local synergy,1,Tunisia,1
2091,27-03-16 0:53,68.95,35,64267.88,256.09,Total local synergy,0,Tunisia,0
2092,16-04-16 11:53,64.24,30,69476.42,252.36,Total user-facing hierarchy,0,Tunisia,0
2093,10-02-16 19:20,78.7,30,51163.14,133.99,Triple-buffered 3rdgeneration migration,0,Turkey,1
2094,11-02-16 20:45,43.07,36,51636.12,137.63,Triple-buffered foreground encryption,1,Turkey,1
2095,14-02-16 7:36,62.31,47,52462.04,119.3,Triple-buffered foreground encryption,0,Turkey,1
2096,19-03-16 8:00,64.51,46,62722.57,193.63,Triple-buffered human-resource complexity,0,Turkey,1
2097,10-05-16 17:39,33.21,43,,167.07,Triple-buffered human-resource complexity,1,Turkey,1
2098,15-05-16 20:48,83.47,39,,226.11,Triple-buffered needs-based Local Area Network,0,Turkey,0
2099,02-01-16 9:30,81.21,36,21773.22,233.04,Triple-buffered reciprocal time-frame,0,Turkmenistan,0
2100,21-01-16 23:33,76.83,50,42581.23,151.63,Triple-buffered regional toolset,0,Turkmenistan,0
2101,08-02-16 7:33,73.94,28,50356.06,187.76,Triple-buffered systematic info-mediaries,1,Turkmenistan,1
2102,17-02-16 13:16,37.68,52,54106.21,172.83,Universal 24/7 implementation,1,Turkmenistan,1
2103,21-02-16 16:57,86.81,29,55358.88,199.62,Universal asymmetric archive,1,Turkmenistan,0
2104,19-03-16 8:00,87.85,34,62667.51,153.01,Universal asymmetric workforce,0,Turkmenistan,0
2105,24-03-16 9:12,49.95,39,63883.81,136.59,Universal bi-directional extranet,0,Turkmenistan,1
2106,08-05-16 15:38,82.52,32,,198.11,Universal contextually-based system engine,1,Turkmenistan,0
2107,12-03-16 1:39,69.08,41,60968.62,210.6,Universal contextually-based system engine,0,Turks and Caicos Islands,0
2108,04-05-16 0:01,76.77,36,,123.51,Universal empowering adapter,0,Turks and Caicos Islands,1
2109,09-05-16 10:21,79.94,43,,162.05,Universal empowering adapter,1,Turks and Caicos Islands,1
2110,08-02-16 10:46,48.53,28,50468.36,134.14,Universal even-keeled analyzer,1,Tuvalu,1
2111,15-02-16 3:43,77.29,27,52802.58,201.24,Universal global intranet,1,Tuvalu,0
2112,19-03-16 0:27,63.8,38,62657.53,108.7,Universal incremental array,1,Tuvalu,1
2113,01-01-16 15:14,36.56,29,18368.57,195.89,Universal incremental array,0,Uganda,1
2114,17-02-16 18:50,76.24,26,54251.78,166.31,Universal transitional Graphical User Interface,1,Uganda,1
2115,23-04-16 3:46,59.05,52,72707.87,118.45,Upgradable 4thgeneration portal,1,Uganda,1
2116,19-05-16 3:52,77.56,38,,130.83,Upgradable asymmetric emulation,1,Uganda,1
2117,09-02-16 5:28,65.82,39,50666.5,221.94,Upgradable asymmetric emulation,0,Ukraine,0
2118,17-02-16 21:55,55.13,45,54429.17,111.71,Upgradable asynchronous circuit,0,Ukraine,1
2119,26-02-16 19:35,77.65,28,56683.32,208.01,Upgradable even-keeled challenge,0,Ukraine,0
2120,15-04-16 15:07,83.66,27,68863.95,167.22,Upgradable even-keeled hardware,1,Ukraine,1
2121,21-05-16 1:36,88.72,54,,119.3,Upgradable heuristic system engine,0,Ukraine,1
2122,21-01-16 23:48,77.05,27,42650.32,191.14,Upgradable local migration,0,United Arab Emirates,0
2123,22-04-16 22:01,45.53,29,72683.35,141.58,Upgradable logistical flexibility,0,United Arab Emirates,1
2124,24-04-16 1:48,50.08,49,73413.87,212.58,Upgradable multi-tasking initiative,1,United Arab Emirates,0
2125,18-05-16 3:19,49.84,38,,135.24,Upgradable optimizing toolset,1,United Arab Emirates,1
2126,24-02-16 19:08,47.9,42,56129.89,114.53,Upgradable system-worthy array,0,United Kingdom,1
2127,15-04-16 10:16,60.07,42,68614.98,120.75,Up-sized bifurcated capability,1,United Kingdom,1
2128,03-05-16 21:19,79.94,28,,225.29,Up-sized bifurcated capability,0,United Kingdom,0
2129,05-05-16 9:28,49.13,45,,127.83,Up-sized executive moderator,1,United Kingdom,1
2130,14-01-16 0:23,75.7,29,38427.66,215.44,Up-sized incremental encryption,0,United States Minor Outlying Islands,0
2131,25-03-16 6:36,35.21,39,64011.26,154,Up-sized intangible circuit,1,United States Minor Outlying Islands,1
2132,03-06-16 7:00,81.17,30,,231.91,Up-sized maximized model,1,United States Minor Outlying Islands,0
2133,14-01-16 0:23,50.63,24,38349.78,133.9,Up-sized next generation architecture,0,United States of America,1
2134,18-02-16 23:08,86.78,30,54755.71,170.13,Up-sized real-time methodology,1,United States of America,0
2135,07-04-16 20:38,49.99,31,67323,248.12,Up-sized secondary software,0,United States of America,1
2136,03-05-16 12:57,50.6,30,,129.88,User-centric attitude-oriented adapter,1,United States of America,1
2137,30-05-16 7:36,55.2,39,,159.46,User-centric composite contingency,1,United States of America,1
2138,30-05-16 8:35,79.89,30,,241.38,User-centric discrete success,1,United States of America,0
2139,01-06-16 3:17,44.33,41,,176.28,User-centric intangible contingency,0,United States of America,1
2140,15-02-16 16:52,74.59,23,53223.58,158.35,User-centric intangible task-force,1,United States Virgin Islands,1
2141,15-03-16 20:19,68.95,51,61747.98,185.85,User-friendly asymmetric info-mediaries,1,United States Virgin Islands,0
2142,13-05-16 14:12,79.81,37,,253.17,User-friendly client-server instruction set,0,United States Virgin Islands,0
2143,26-05-16 6:03,53.22,44,,108.85,User-friendly content-based customer loyalty,0,United States Virgin Islands,1
2144,21-02-16 13:11,78.79,32,55336.18,215.29,User-friendly grid-enabled analyzer,1,Uruguay,0
2145,27-02-16 20:20,80.87,28,57014.84,203.3,User-friendly impactful time-frame,0,Uruguay,0
2146,20-03-16 8:22,73.57,30,63060.55,212.38,User-friendly upward-trending intranet,0,Uruguay,0
2147,20-04-16 10:04,78.76,32,70575.6,208.02,User-friendly upward-trending intranet,1,Uruguay,0
2148,29-05-16 18:12,75.03,34,,255.57,User-friendly well-modulated leverage,0,Uruguay,1
2149,03-01-16 16:30,76.58,46,24593.33,258.26,Versatile 4thgeneration system engine,0,Uzbekistan,0
2150,17-02-16 7:00,80.53,22,53700.57,234.75,Versatile 6thgeneration parallelism,0,Uzbekistan,1
2151,26-02-16 19:48,37.75,36,56694.12,225.24,Versatile 6thgeneration parallelism,0,Uzbekistan,1
2152,27-05-16 5:35,81.99,48,,146.19,Versatile dedicated software,0,Uzbekistan,1
2153,17-01-16 5:07,45.44,50,40926.93,182.84,Versatile homogeneous capacity,0,Vanuatu,0
2154,14-02-16 11:36,73.49,38,52563.22,244.23,Versatile local forecast,0,Vanuatu,0
2155,25-02-16 16:33,75.24,24,56180.93,226.49,Versatile local forecast,0,Vanuatu,0
2156,20-03-16 7:12,67.47,24,63001.03,225.05,Versatile next generation pricing structure,1,Vanuatu,0
2157,16-04-16 10:36,78.58,33,69285.69,250.11,Versatile responsive knowledge user,1,Vanuatu,0
2158,29-04-16 14:08,44.15,23,77460.07,200.55,Versatile scalable encryption,0,Vanuatu,1
2159,30-05-16 8:02,68.25,33,,198.86,Versatile scalable encryption,1,Vanuatu,0
2160,06-01-16 13:20,81.03,28,31092.93,201.15,Versatile solution-oriented secured line,0,Venezuela,0
2161,14-02-16 7:15,61.72,26,52336.64,218.49,Versatile solution-oriented secured line,0,Venezuela,0
2162,09-03-16 12:10,68.18,30,60248.97,237.34,Versatile transitional monitoring,0,Venezuela,1
2163,24-03-16 2:01,38.93,31,63551.67,206.79,Virtual 5thgeneration emulation,1,Venezuela,0
2164,28-03-16 9:15,41.16,49,65044.59,150.83,Virtual 5thgeneration neural-net,1,Venezuela,1
2165,06-04-16 1:19,64.75,36,66624.6,117.66,Virtual bandwidth-monitored initiative,0,Venezuela,1
2166,29-04-16 13:38,72.94,31,76893.84,190.84,Virtual bandwidth-monitored initiative,0,Venezuela,0
2167,07-05-16 8:39,81.98,29,,145.85,Virtual composite model,1,Venezuela,1
2168,08-05-16 12:12,52.7,34,,118.6,Virtual context-sensitive support,1,Venezuela,1
2169,14-05-16 23:08,84.76,30,,178.69,Virtual executive implementation,0,Venezuela,0
2170,03-01-16 3:22,39.85,38,23410.75,145.96,Virtual executive implementation,0,Vietnam,1
2171,15-01-16 1:20,81.37,33,39211.49,215.04,Virtual homogeneous budgetary management,0,Vietnam,0
2172,05-05-16 7:58,81.45,46,,148.93,Virtual impactful algorithm,0,Vietnam,0
2173,17-01-16 4:12,80.96,39,40763.13,225,Virtual impactful algorithm,1,Wallis and Futuna,0
2174,26-02-16 23:44,74.62,31,56735.14,111.02,Virtual scalable secured line,0,Wallis and Futuna,1
2175,10-04-16 14:48,73.95,35,67782.17,238.58,Visionary analyzing structure,0,Wallis and Futuna,0
2176,01-05-16 8:27,67.76,34,,217.66,Visionary asymmetric encryption,0,Wallis and Futuna,1
2177,25-05-16 0:19,56.89,37,,109.29,Visionary client-driven installation,1,Wallis and Futuna,1
2178,01-06-16 16:10,84.95,35,,204.27,Visionary maximized process improvement,0,Wallis and Futuna,0
2179,23-02-16 13:55,71.4,24,55605.92,171.23,Visionary mission-critical application,1,Western Sahara,0
2180,26-02-16 17:14,75.42,26,56637.59,164.25,Visionary multi-tasking alliance,1,Western Sahara,0
2181,16-03-16 20:33,87.16,37,62053.37,231.95,Visionary reciprocal circuit,1,Western Sahara,0
2182,23-03-16 8:52,66.14,41,63394.41,165.27,Vision-oriented asynchronous Internet solution,0,Western Sahara,0
2183,21-04-16 12:34,49.89,34,71384.57,205.38,Vision-oriented asynchronous Internet solution,0,Western Sahara,0
2184,29-04-16 14:10,67.51,43,77871.75,127.2,Vision-oriented bifurcated contingency,0,Western Sahara,1
2185,08-05-16 22:24,43.65,39,,138.87,Vision-oriented contextually-based extranet,0,Western Sahara,1
2186,13-05-16 11:57,39.56,41,,143.13,Vision-oriented contextually-based extranet,1,Western Sahara,1
2187,09-03-16 12:10,77.35,34,60192.72,167.26,Vision-oriented human-resource synergy,0,Yemen,0
2188,21-04-16 19:56,72.88,44,71881.84,125.12,Vision-oriented methodical support,0,Yemen,1
2189,27-04-16 18:25,50.32,40,75509.61,125.65,Vision-oriented multi-tasking success,0,Yemen,1
2190,19-05-16 11:16,75.64,32,,222.08,Vision-oriented multi-tasking success,0,Yemen,1
2191,03-01-16 17:10,88.72,32,24852.9,211.87,Vision-oriented next generation solution,1,Zambia,0
2192,31-01-16 8:50,52.7,41,47708.42,109.34,Vision-oriented next generation solution,1,Zambia,1
2193,15-03-16 11:25,51.5,34,61526.25,135.31,Vision-oriented optimizing middleware,0,Zambia,1
2194,04-04-16 0:02,49.96,55,66263.37,151.94,Vision-oriented optimizing middleware,1,Zambia,1
2195,24-02-16 0:44,83.98,36,55764.43,194.62,Vision-oriented real-time framework,0,Zimbabwe,0
2196,24-02-16 7:13,36.91,48,56067.38,159.69,Vision-oriented system-worthy forecast,0,Zimbabwe,1
2197,27-02-16 8:52,56.64,29,56770.79,123.24,Vision-oriented system-worthy forecast,1,Zimbabwe,1
2198,28-04-16 21:58,67.35,29,76368.31,118.69,Vision-oriented uniform knowledgebase,0,Zimbabwe,1
2199,09-05-16 8:44,49.67,27,,153.69,Vision-oriented uniform knowledgebase,0,Zimbabwe,1
